sample_id,audio_duration,duration_group,mode,ttft_ms,asr_time_ms,llm_prefill_time_ms,wer,cer,divergence_count,error
multiwoz_MUL1152_turn2,15.05,long,la_streaming,1523.27,1477.07,46.20,0.1212,0.0552,0,
multiwoz_PMUL2936_turn2,15.34,long,la_streaming,1540.23,1494.75,45.47,0.0500,0.0100,0,
crosswoz_11613_turn2,15.39,long,la_streaming,1574.47,1527.21,47.26,0.0508,0.0984,1,
multiwoz_MUL0084_turn2,15.44,long,la_streaming,1688.65,1641.78,46.87,0.2927,0.1451,0,
multiwoz_PMUL2130_turn2,15.46,long,la_streaming,1323.97,1278.47,45.50,0.2368,0.0863,0,
multiwoz_MUL2174_turn2,15.53,long,la_streaming,1583.23,1537.20,46.03,0.1622,0.0650,0,
multiwoz_PMUL0460_turn2,15.57,long,la_streaming,1328.29,1284.56,43.73,0.3488,0.1535,1,
crosswoz_11735_turn2,15.85,long,la_streaming,1956.87,1891.87,65.01,0.0441,0.0714,0,
multiwoz_PMUL4612_turn2,15.92,long,la_streaming,1712.61,1651.17,61.44,0.0392,0.0122,0,
multiwoz_MUL0076_turn2,16.02,long,la_streaming,1232.95,1157.29,75.67,0.0667,0.0212,0,
crosswoz_9200_turn2,16.20,long,la_streaming,1714.08,1668.07,46.02,0.1194,0.1429,2,
multiwoz_PMUL3103_turn2,16.74,long,la_streaming,1629.97,1586.78,43.18,0.2683,0.2042,0,
multiwoz_MUL2016_turn2,16.75,long,la_streaming,1243.82,1197.86,45.96,0.2174,0.0807,0,
crosswoz_12315_turn2,16.93,long,la_streaming,1918.92,1875.12,43.79,0.0667,0.0779,0,
crosswoz_9365_turn2,16.93,long,la_streaming,1913.06,1865.39,47.68,0.0704,0.1081,2,
multiwoz_PMUL0237_turn3,16.98,long,la_streaming,1756.18,1710.58,45.60,0.1951,0.0606,0,
multiwoz_PMUL2319_turn2,17.02,long,la_streaming,1746.89,1697.30,49.59,0.0345,0.0149,0,
multiwoz_PMUL4499_turn2,17.09,long,la_streaming,1357.86,1311.50,46.36,0.2093,0.0345,0,
multiwoz_MUL1031_turn2,17.12,long,la_streaming,1212.13,1163.95,48.17,0.0930,0.0338,0,
crosswoz_8717_turn2,17.28,long,la_streaming,1467.73,1422.45,45.28,0.0667,0.1039,0,
crosswoz_9394_turn2,17.37,long,la_streaming,2068.90,2022.06,46.84,0.1429,0.1806,0,
multiwoz_MUL1001_turn2,17.38,long,la_streaming,1827.47,1758.75,68.71,0.1522,0.0588,0,
multiwoz_MUL1320_turn3,17.44,long,la_streaming,1188.00,1141.27,46.73,0.1458,0.0427,0,
multiwoz_MUL1191_turn2,17.54,long,la_streaming,1759.67,1711.50,48.17,0.2549,0.1066,0,
crosswoz_10382_turn2,17.61,long,la_streaming,2066.93,2022.36,44.57,0.0658,0.1026,2,
crosswoz_7310_turn2,17.80,long,la_streaming,1876.34,1829.66,46.67,0.0959,0.1184,1,
crosswoz_10661_turn2,18.02,long,la_streaming,2101.68,2056.22,45.45,0.0375,0.0732,0,
crosswoz_7701_turn2,18.11,long,la_streaming,1449.75,1404.78,44.97,0.0533,0.0769,0,
crosswoz_9956_turn3,18.11,long,la_streaming,1148.09,1100.41,47.68,0.0145,0.0274,1,
crosswoz_8424_turn2,18.34,long,la_streaming,1541.32,1496.34,44.98,0.0260,0.0506,0,
multiwoz_MUL1459_turn2,18.38,long,la_streaming,1444.63,1381.46,63.17,0.1034,0.0288,0,
multiwoz_PMUL2175_turn2,18.65,long,la_streaming,1745.78,1698.40,47.38,0.2000,0.1107,0,
crosswoz_11406_turn2,18.89,long,la_streaming,1529.37,1463.20,66.17,0.0886,0.1235,0,
multiwoz_MUL2157_turn2,18.92,long,la_streaming,1457.85,1404.62,53.23,0.3077,0.1303,0,
multiwoz_MUL1330_turn2,18.99,long,la_streaming,1883.11,1836.99,46.12,0.0727,0.0445,0,
crosswoz_497_turn2,19.02,long,la_streaming,2047.51,2001.26,46.26,0.0706,0.0920,1,
crosswoz_10197_turn2,19.05,long,la_streaming,2159.92,2114.59,45.33,0.0361,0.0471,0,
crosswoz_962_turn2,19.21,long,la_streaming,1434.86,1390.55,44.31,0.0732,0.1190,0,
multiwoz_MUL1003_turn3,19.24,long,la_streaming,1813.57,1767.74,45.82,0.0000,0.0000,0,
crosswoz_2228_turn2,19.46,long,la_streaming,1784.66,1739.46,45.20,0.0617,0.0843,0,
crosswoz_10574_turn2,19.47,long,la_streaming,2031.89,1985.86,46.03,0.0610,0.0952,0,
crosswoz_422_turn2,19.48,long,la_streaming,1968.29,1910.51,57.78,0.0235,0.0690,1,
multiwoz_MUL0789_turn2,19.52,long,la_streaming,1438.61,1395.33,43.29,0.1961,0.1048,0,
multiwoz_PMUL0322_turn3,19.80,long,la_streaming,1519.22,1472.99,46.22,0.1818,0.0662,0,
multiwoz_MUL0711_turn2,19.82,long,la_streaming,1338.12,1294.61,43.50,0.0714,0.0235,0,
crosswoz_7196_turn2,19.83,long,la_streaming,2166.24,2119.80,46.44,0.0870,0.0957,0,
multiwoz_MUL0666_turn2,19.86,long,la_streaming,1666.96,1622.49,44.47,0.2909,0.1018,0,
multiwoz_MUL0641_turn2,20.17,long,la_streaming,1887.75,1843.08,44.66,0.1250,0.0379,0,
crosswoz_1101_turn2,20.52,long,la_streaming,1725.76,1675.93,49.84,0.0633,0.1111,1,
multiwoz_PMUL0237_turn4,20.55,long,la_streaming,2050.68,2005.89,44.79,0.1379,0.0351,0,
crosswoz_8707_turn2,20.62,long,la_streaming,2137.76,2090.97,46.79,0.0000,0.0114,0,
crosswoz_8907_turn2,20.70,long,la_streaming,2176.97,2108.01,68.96,0.0645,0.0938,0,
multiwoz_MUL1215_turn2,20.93,long,la_streaming,1936.05,1890.48,45.57,0.3571,0.1193,0,
multiwoz_MUL1353_turn2,21.07,long,la_streaming,1643.50,1597.07,46.43,0.2885,0.0964,0,
multiwoz_PMUL2590_turn3,21.14,long,la_streaming,1371.38,1325.63,45.75,0.2407,0.1579,0,
crosswoz_11334_turn2,21.25,long,la_streaming,2024.59,1978.68,45.92,0.0341,0.0889,0,
crosswoz_10749_turn2,21.50,long,la_streaming,1832.55,1785.92,46.63,0.0110,0.0645,1,
multiwoz_PMUL2296_turn2,21.51,long,la_streaming,1322.84,1278.00,44.84,0.0308,0.0255,0,
crosswoz_9577_turn2,21.77,long,la_streaming,1607.52,1557.99,49.53,0.0211,0.0722,0,
crosswoz_9173_turn2,22.05,long,la_streaming,1944.08,1893.71,50.37,0.0330,0.0842,2,
multiwoz_MUL0176_turn3,22.07,long,la_streaming,1979.72,1889.66,90.06,0.1176,0.0344,0,
multiwoz_MUL0084_turn3,22.15,long,la_streaming,1379.73,1293.72,86.02,0.4107,0.1392,0,
crosswoz_11730_turn2,22.45,long,la_streaming,1811.49,1762.71,48.78,0.1290,0.1789,2,
crosswoz_10331_turn2,22.48,long,la_streaming,1826.05,1781.32,44.73,0.0408,0.0800,0,
multiwoz_MUL1332_turn3,22.52,long,la_streaming,1832.43,1782.90,49.52,0.4464,0.2210,0,
multiwoz_PMUL1904_turn3,22.54,long,la_streaming,1357.09,1297.93,59.16,0.1754,0.1232,0,
multiwoz_PMUL1745_turn3,22.56,long,la_streaming,1380.27,1335.03,45.23,0.1429,0.0656,0,
multiwoz_MUL2018_turn3,22.81,long,la_streaming,1286.59,1238.21,48.38,0.1695,0.0732,0,
crosswoz_98_turn2,22.87,long,la_streaming,1333.98,1288.07,45.92,0.1364,0.2222,2,
crosswoz_10040_turn2,22.91,long,la_streaming,1434.15,1389.50,44.65,0.0619,0.1200,2,
multiwoz_MUL0183_turn2,23.18,long,la_streaming,1205.29,1138.25,67.04,0.0435,0.0089,0,
multiwoz_PMUL2034_turn2,23.42,long,la_streaming,1752.67,1694.84,57.84,0.2576,0.0592,0,
multiwoz_MUL0874_turn3,23.46,long,la_streaming,2573.49,2512.68,60.81,0.2000,0.0723,0,
multiwoz_PMUL4612_turn3,23.52,long,la_streaming,2132.64,2078.45,54.19,0.0417,0.0227,0,
crosswoz_11361_turn2,23.64,long,la_streaming,2259.68,2206.60,53.08,0.0556,0.0818,0,
multiwoz_PMUL2936_turn3,23.88,long,la_streaming,2340.16,2290.84,49.32,0.2833,0.1258,0,
multiwoz_PMUL0085_turn3,24.01,long,la_streaming,1541.89,1492.84,49.05,0.2969,0.1140,1,
crosswoz_11613_turn3,24.09,long,la_streaming,2077.52,2011.69,65.83,0.0549,0.0918,0,
crosswoz_8202_turn2,24.22,long,la_streaming,1551.84,1504.63,47.21,0.0707,0.1188,0,
multiwoz_PMUL4499_turn3,24.29,long,la_streaming,1527.06,1481.97,45.09,0.2400,0.1635,1,
multiwoz_PMUL4885_turn3,24.40,long,la_streaming,2247.86,2165.55,82.31,0.2429,0.0981,0,
crosswoz_12298_turn2,24.58,long,la_streaming,1844.09,1799.91,44.19,0.0283,0.0642,0,
multiwoz_MUL0183_turn3,24.71,long,la_streaming,2086.78,2022.70,64.08,0.1591,0.0843,0,
multiwoz_MUL1203_turn3,25.05,long,la_streaming,1487.03,1442.62,44.41,0.1622,0.0456,1,
crosswoz_9033_turn2,25.30,long,la_streaming,1888.28,1803.64,84.64,0.0762,0.1028,0,
multiwoz_MUL1191_turn3,25.46,long,la_streaming,2289.10,2220.17,68.93,0.1688,0.0852,0,
multiwoz_MUL2174_turn3,25.60,long,la_streaming,1651.18,1585.13,66.04,0.1579,0.0822,0,
crosswoz_497_turn3,25.65,long,la_streaming,2117.49,2072.33,45.16,0.0536,0.0862,1,
crosswoz_11406_turn3,25.67,long,la_streaming,1896.95,1851.85,45.10,0.0654,0.0901,1,
crosswoz_12299_turn2,25.69,long,la_streaming,2224.10,2179.63,44.47,0.0280,0.0550,0,
crosswoz_3145_turn2,25.75,long,la_streaming,2367.41,2278.09,89.32,0.0545,0.0804,0,
multiwoz_PMUL4031_turn3,26.30,long,la_streaming,1300.26,1248.34,51.92,0.1286,0.0240,0,
multiwoz_PMUL4254_turn3,26.49,long,la_streaming,1660.29,1616.09,44.19,0.2687,0.1273,0,
crosswoz_8424_turn3,26.51,long,la_streaming,2037.41,1992.08,45.34,0.3268,0.3648,0,
crosswoz_8672_turn2,26.59,long,la_streaming,2051.25,2004.76,46.49,0.1028,0.1193,2,
multiwoz_PMUL0460_turn3,26.62,long,la_streaming,1221.57,1174.72,46.86,0.3099,0.1079,0,
crosswoz_10296_turn2,26.67,long,la_streaming,1371.39,1319.36,52.03,0.0185,0.0727,1,
crosswoz_8707_turn3,26.68,long,la_streaming,1367.32,1322.39,44.93,0.2676,0.2993,1,
crosswoz_9138_turn3,27.14,long,la_streaming,2017.37,1954.48,62.89,0.0684,0.1129,0,
crosswoz_9080_turn2,27.38,long,la_streaming,1856.65,1810.42,46.24,0.0684,0.1000,0,
crosswoz_10574_turn3,27.89,long,la_streaming,2422.39,2378.74,43.65,0.0887,0.1328,0,
crosswoz_422_turn3,28.21,long,la_streaming,1431.11,1386.52,44.59,0.0508,0.0738,0,
crosswoz_11893_turn2,28.63,long,la_streaming,1990.84,1927.80,63.04,0.0317,0.0703,0,
crosswoz_12011_turn2,28.98,long,la_streaming,1879.53,1821.48,58.05,0.0656,0.0968,0,
crosswoz_8436_turn2,29.08,long,la_streaming,1785.74,1737.60,48.15,0.0579,0.1057,0,
crosswoz_10197_turn3,29.87,long,la_streaming,2503.58,2458.62,44.96,0.0732,0.1102,1,
crosswoz_10661_turn3,29.87,long,la_streaming,1483.69,1439.39,44.30,0.0703,0.0896,2,
crosswoz_1101_turn3,29.90,long,la_streaming,1422.52,1376.12,46.41,0.0407,0.0945,1,
crosswoz_8796_turn2,30.00,very_long,la_streaming,2436.22,2368.55,67.66,0.1048,0.1190,2,
multiwoz_PMUL0271_turn3,30.09,very_long,la_streaming,1755.29,1709.39,45.90,0.2051,0.0923,0,
multiwoz_PMUL2590_turn4,30.28,very_long,la_streaming,2952.58,2843.53,109.05,0.2179,0.1241,0,
multiwoz_MUL1215_turn3,30.41,very_long,la_streaming,2762.89,2715.86,47.03,0.3286,0.0708,0,
crosswoz_10749_turn3,30.48,very_long,la_streaming,1453.13,1409.28,43.85,0.0294,0.0643,3,
crosswoz_7701_turn3,30.56,very_long,la_streaming,2133.58,2078.34,55.23,0.0645,0.1240,3,
crosswoz_9200_turn3,30.84,very_long,la_streaming,1924.20,1879.64,44.56,0.0672,0.0866,0,
multiwoz_MUL1330_turn3,30.85,very_long,la_streaming,1691.41,1646.64,44.77,0.0538,0.0279,0,
multiwoz_MUL0176_turn4,31.58,very_long,la_streaming,1724.43,1627.42,97.01,0.0851,0.0186,0,
crosswoz_9956_turn4,31.60,very_long,la_streaming,2474.39,2425.83,48.56,0.0720,0.1429,0,
crosswoz_8202_turn3,31.61,very_long,la_streaming,1417.24,1372.52,44.72,0.1986,0.2449,0,
crosswoz_8672_turn3,31.66,very_long,la_streaming,2239.49,2195.80,43.69,0.0992,0.1185,1,
multiwoz_MUL0666_turn3,31.97,very_long,la_streaming,1669.82,1625.00,44.82,0.2360,0.0897,0,
multiwoz_MUL1031_turn3,32.00,very_long,la_streaming,1801.35,1734.80,66.55,0.2414,0.1166,0,
crosswoz_12315_turn3,32.11,very_long,la_streaming,2216.59,2166.34,50.25,0.0652,0.0845,0,
multiwoz_MUL1003_turn4,32.67,very_long,la_streaming,1548.16,1503.39,44.77,0.0300,0.0120,0,
crosswoz_9033_turn3,32.70,very_long,la_streaming,1562.22,1517.20,45.02,0.0217,0.0423,1,
multiwoz_MUL0023_turn3,32.86,very_long,la_streaming,2778.75,2727.99,50.77,0.2683,0.1395,0,
multiwoz_PMUL2296_turn3,32.88,very_long,la_streaming,1806.56,1758.89,47.67,0.1134,0.0429,0,
multiwoz_PMUL0322_turn4,32.95,very_long,la_streaming,1804.84,1758.54,46.30,0.2418,0.1084,0,
crosswoz_11248_turn2,33.08,very_long,la_streaming,1735.70,1691.99,43.71,0.0141,0.0625,0,
multiwoz_MUL2157_turn3,33.35,very_long,la_streaming,1645.22,1600.44,44.78,0.2000,0.0941,0,
multiwoz_PMUL2936_turn4,33.53,very_long,la_streaming,2556.97,2509.08,47.89,0.2593,0.1093,0,
crosswoz_10296_turn3,33.55,very_long,la_streaming,3676.02,3631.58,44.44,0.0496,0.0828,0,
crosswoz_962_turn3,33.74,very_long,la_streaming,1497.20,1452.92,44.28,0.0563,0.0822,0,
crosswoz_7652_turn2,33.83,very_long,la_streaming,1456.30,1411.17,45.14,0.3955,0.4171,0,
crosswoz_11361_turn3,34.16,very_long,la_streaming,2090.97,2019.32,71.65,0.0496,0.0897,0,
multiwoz_PMUL2175_turn4,34.33,very_long,la_streaming,4162.52,4105.74,56.78,0.1685,0.0932,0,
multiwoz_MUL0789_turn3,34.46,very_long,la_streaming,1981.11,1880.76,100.35,0.1882,0.1051,0,
multiwoz_PMUL1904_turn4,34.73,very_long,la_streaming,2225.06,2177.61,47.45,0.2069,0.1271,0,
crosswoz_9173_turn3,34.78,very_long,la_streaming,2608.23,2562.75,45.48,0.0276,0.0850,3,
multiwoz_MUL1001_turn3,34.98,very_long,la_streaming,1617.42,1560.39,57.03,0.1798,0.0803,0,
multiwoz_PMUL4885_turn4,35.10,very_long,la_streaming,1597.64,1552.97,44.67,0.2581,0.1047,1,
multiwoz_MUL0084_turn4,35.24,very_long,la_streaming,3140.60,3091.20,49.40,0.4105,0.1489,0,
multiwoz_PMUL1745_turn4,35.31,very_long,la_streaming,1709.28,1663.70,45.58,0.1143,0.0684,0,
crosswoz_8907_turn3,35.33,very_long,la_streaming,1893.62,1848.37,45.25,0.0260,0.0503,2,
crosswoz_11893_turn3,35.43,very_long,la_streaming,2120.11,2075.56,44.54,0.0199,0.0645,0,
crosswoz_11592_turn2,35.79,very_long,la_streaming,1952.93,1896.18,56.75,0.0593,0.1022,1,
crosswoz_11613_turn4,36.11,very_long,la_streaming,2670.57,2625.91,44.66,0.0748,0.1329,2,
multiwoz_MUL0874_turn4,36.43,very_long,la_streaming,2551.52,2499.80,51.72,0.3636,0.1462,0,
multiwoz_MUL1353_turn3,36.54,very_long,la_streaming,1653.17,1592.69,60.48,0.3404,0.1070,0,
crosswoz_9577_turn3,36.69,very_long,la_streaming,2459.76,2403.54,56.22,0.0458,0.0955,0,
multiwoz_MUL2174_turn4,36.72,very_long,la_streaming,1915.91,1871.56,44.34,0.2273,0.1077,0,
crosswoz_7310_turn3,36.76,very_long,la_streaming,1993.69,1946.32,47.37,0.0811,0.1176,0,
multiwoz_PMUL2034_turn3,36.79,very_long,la_streaming,2118.51,2069.88,48.64,0.2626,0.1415,0,
crosswoz_12299_turn3,36.83,very_long,la_streaming,2544.63,2496.31,48.33,0.0654,0.0892,0,
multiwoz_PMUL3103_turn4,36.85,very_long,la_streaming,3186.03,3138.67,47.36,0.2234,0.1204,0,
multiwoz_PMUL2319_turn3,37.38,very_long,la_streaming,1324.85,1277.91,46.93,0.0755,0.0422,0,
crosswoz_9956_turn5,37.65,very_long,la_streaming,2121.20,2075.97,45.23,0.0476,0.1146,0,
multiwoz_MUL2018_turn4,37.65,very_long,la_streaming,2955.09,2908.56,46.53,0.2667,0.1319,2,
crosswoz_10574_turn4,37.76,very_long,la_streaming,2176.70,2131.99,44.72,0.0633,0.1091,0,
multiwoz_MUL0069_turn4,37.78,very_long,la_streaming,1996.98,1952.77,44.22,0.2039,0.0906,0,
crosswoz_9394_turn3,37.83,very_long,la_streaming,2078.69,2035.06,43.62,0.0855,0.1218,1,
crosswoz_11730_turn3,37.84,very_long,la_streaming,2565.92,2517.94,47.98,0.0759,0.1377,2,
multiwoz_MUL1320_turn5,37.88,very_long,la_streaming,3067.54,2934.24,133.30,0.3061,0.1523,0,
multiwoz_MUL0193_turn3,37.94,very_long,la_streaming,1562.36,1518.34,44.02,0.2875,0.1286,0,
crosswoz_12298_turn3,37.99,very_long,la_streaming,1850.30,1803.81,46.49,0.0577,0.0976,2,
multiwoz_MUL0076_turn4,38.02,very_long,la_streaming,1343.19,1298.63,44.56,0.3048,0.0971,0,
crosswoz_7196_turn3,38.28,very_long,la_streaming,3411.67,3366.58,45.09,0.0875,0.1159,0,
multiwoz_PMUL4031_turn4,38.48,very_long,la_streaming,1903.08,1854.84,48.24,0.1122,0.0321,0,
multiwoz_MUL0641_turn3,38.78,very_long,la_streaming,2891.28,2813.52,77.75,0.2447,0.1222,0,
crosswoz_2228_turn3,39.04,very_long,la_streaming,1351.85,1308.64,43.21,0.0488,0.0655,0,
multiwoz_PMUL4612_turn4,39.14,very_long,la_streaming,2854.56,2794.03,60.53,0.2243,0.1123,1,
crosswoz_10040_turn3,39.23,very_long,la_streaming,3269.15,3223.16,45.99,0.0566,0.1037,3,
crosswoz_11334_turn3,39.47,very_long,la_streaming,1544.25,1499.26,44.99,0.0692,0.1152,0,
crosswoz_3145_turn3,39.58,very_long,la_streaming,1313.68,1265.33,48.35,0.0545,0.1006,0,
multiwoz_MUL0183_turn4,39.88,very_long,la_streaming,1771.27,1727.41,43.86,0.0410,0.0100,0,
multiwoz_MUL1152_turn4,39.93,very_long,la_streaming,2580.10,2498.00,82.11,0.2524,0.0884,2,
multiwoz_MUL1203_turn4,40.04,very_long,la_streaming,1932.46,1882.99,49.47,0.1171,0.0385,0,
crosswoz_497_turn4,40.15,very_long,la_streaming,1409.04,1354.84,54.20,0.0446,0.0778,0,
crosswoz_9080_turn3,40.15,very_long,la_streaming,2222.02,2177.79,44.22,0.0578,0.0843,0,
multiwoz_PMUL2175_turn5,40.41,very_long,la_streaming,2828.00,2783.40,44.60,0.3365,0.1903,1,
multiwoz_MUL1459_turn4,40.62,very_long,la_streaming,2170.26,2124.52,45.75,0.1964,0.0697,0,
crosswoz_9365_turn4,40.76,very_long,la_streaming,1758.67,1713.73,44.94,0.0769,0.1167,1,
crosswoz_11592_turn3,40.77,very_long,la_streaming,1653.04,1608.70,44.34,0.0714,0.1203,2,
multiwoz_PMUL1904_turn5,40.87,very_long,la_streaming,2967.51,2913.59,53.92,0.2870,0.2171,0,
multiwoz_MUL1031_turn4,40.96,very_long,la_streaming,3005.45,2957.96,47.49,0.2348,0.1203,0,
multiwoz_MUL0666_turn4,41.25,very_long,la_streaming,2509.85,2461.24,48.62,0.2566,0.1095,2,
multiwoz_PMUL0322_turn5,41.31,very_long,la_streaming,2190.15,2142.43,47.72,0.2315,0.1155,0,
multiwoz_MUL1191_turn4,41.37,very_long,la_streaming,2916.74,2866.13,50.61,0.2818,0.1463,0,
multiwoz_MUL2174_turn5,41.51,very_long,la_streaming,2647.48,2581.17,66.31,0.2121,0.0749,0,
crosswoz_11406_turn4,41.78,very_long,la_streaming,2278.04,2233.87,44.17,0.0882,0.1250,3,
crosswoz_8717_turn3,41.78,very_long,la_streaming,1483.30,1420.96,62.33,0.1337,0.1573,3,
multiwoz_PMUL4499_turn4,41.81,very_long,la_streaming,3045.70,2986.23,59.46,0.2273,0.0936,0,
crosswoz_9956_turn6,41.95,very_long,la_streaming,2431.99,2386.12,45.87,0.0595,0.1160,3,
multiwoz_MUL1215_turn4,42.09,very_long,la_streaming,2048.69,2002.76,45.93,0.3441,0.1095,0,
multiwoz_PMUL4254_turn4,42.16,very_long,la_streaming,1310.11,1263.38,46.73,0.2929,0.1131,2,
multiwoz_MUL0711_turn4,42.45,very_long,la_streaming,2714.06,2665.89,48.17,0.1754,0.0868,0,
multiwoz_MUL1332_turn5,42.48,very_long,la_streaming,3193.79,3147.44,46.35,0.3196,0.1368,0,
multiwoz_PMUL2590_turn5,43.50,very_long,la_streaming,1746.43,1690.59,55.84,0.2072,0.1170,0,
multiwoz_PMUL0085_turn4,43.58,very_long,la_streaming,3138.37,3093.81,44.56,0.2193,0.1305,0,
crosswoz_10661_turn4,43.63,very_long,la_streaming,1544.64,1501.03,43.60,0.0824,0.1263,2,
multiwoz_PMUL2296_turn4,43.66,very_long,la_streaming,1892.52,1845.71,46.82,0.1085,0.0346,0,
crosswoz_8672_turn4,43.68,very_long,la_streaming,2633.43,2590.15,43.28,0.0489,0.0947,3,
crosswoz_10331_turn3,43.76,very_long,la_streaming,4203.38,4145.25,58.13,0.0642,0.1042,0,
multiwoz_MUL0023_turn4,43.92,very_long,la_streaming,1475.26,1396.17,79.09,0.2973,0.1388,0,
crosswoz_11735_turn3,44.30,very_long,la_streaming,1912.53,1868.17,44.36,0.0739,0.1215,0,
multiwoz_PMUL4885_turn5,44.47,very_long,la_streaming,3039.05,2989.55,49.50,0.2414,0.1051,0,
crosswoz_9138_turn4,44.48,very_long,la_streaming,2240.03,2195.70,44.33,0.0645,0.1421,1,
crosswoz_9033_turn4,45.58,very_long,la_streaming,1847.45,1789.41,58.05,0.0326,0.0681,0,
crosswoz_8436_turn3,45.65,very_long,la_streaming,2401.65,2325.54,76.11,0.0529,0.1015,0,
crosswoz_497_turn5,45.86,very_long,la_streaming,1301.99,1257.27,44.72,0.0489,0.0867,0,
crosswoz_962_turn4,46.53,very_long,la_streaming,1888.04,1842.75,45.28,0.0691,0.1031,1,
crosswoz_8907_turn4,46.73,very_long,la_streaming,1943.20,1894.28,48.92,0.0296,0.0667,1,
crosswoz_11613_turn5,46.92,very_long,la_streaming,1534.06,1490.03,44.03,0.0978,0.1574,1,
crosswoz_10382_turn4,46.93,very_long,la_streaming,1178.50,1134.48,44.01,0.0995,0.1442,1,
crosswoz_10296_turn4,47.28,very_long,la_streaming,1934.25,1877.39,56.86,0.0309,0.0750,0,
crosswoz_8707_turn4,47.44,very_long,la_streaming,2229.55,2182.27,47.28,0.2489,0.2716,1,
crosswoz_422_turn4,47.52,very_long,la_streaming,2446.91,2403.18,43.73,0.0524,0.1089,0,
crosswoz_12011_turn3,47.90,very_long,la_streaming,5322.24,5274.95,47.30,0.0558,0.1040,1,
crosswoz_2228_turn4,47.90,very_long,la_streaming,1437.87,1380.94,56.94,0.0603,0.0874,0,
crosswoz_7310_turn4,48.12,very_long,la_streaming,2581.09,2475.47,105.62,0.0588,0.0995,0,
crosswoz_12315_turn4,48.23,very_long,la_streaming,2777.30,2731.75,45.55,0.0887,0.1238,0,
crosswoz_11361_turn4,48.49,very_long,la_streaming,1669.69,1607.89,61.79,0.0622,0.0972,0,
crosswoz_8672_turn5,48.66,very_long,la_streaming,1866.26,1815.02,51.25,0.1227,0.1535,2,
crosswoz_1101_turn4,49.39,very_long,la_streaming,2653.73,2605.61,48.12,0.0450,0.1190,1,
crosswoz_11893_turn4,49.78,very_long,la_streaming,1706.42,1662.50,43.92,0.0284,0.0553,1,
crosswoz_9275_turn2,50.75,very_long,la_streaming,2086.08,2041.93,44.15,0.0947,0.1770,2,
crosswoz_7701_turn4,50.77,very_long,la_streaming,1258.35,1216.00,42.35,0.0650,0.1232,0,
crosswoz_10749_turn4,50.96,very_long,la_streaming,2768.86,2723.99,44.87,0.0179,0.0563,1,
crosswoz_8796_turn3,51.55,very_long,la_streaming,3871.02,3824.62,46.40,0.0918,0.1137,3,
crosswoz_9200_turn4,51.63,very_long,la_streaming,1569.57,1524.71,44.86,0.0204,0.0810,2,
crosswoz_9394_turn4,52.05,very_long,la_streaming,1883.64,1835.69,47.95,0.0825,0.1085,1,
crosswoz_11334_turn4,52.29,very_long,la_streaming,1781.08,1629.63,151.45,0.0628,0.1147,0,
crosswoz_11613_turn6,52.34,very_long,la_streaming,3957.34,3913.32,44.02,0.0892,0.1535,1,
crosswoz_10574_turn5,52.78,very_long,la_streaming,2856.66,2807.65,49.01,0.0354,0.0723,0,
crosswoz_11248_turn3,52.97,very_long,la_streaming,2936.50,2892.95,43.55,0.0533,0.0909,2,
crosswoz_8202_turn4,53.14,very_long,la_streaming,1865.82,1822.59,43.23,0.3255,0.3455,1,
crosswoz_3145_turn4,53.21,very_long,la_streaming,1856.25,1811.51,44.74,0.0455,0.0752,0,
crosswoz_7196_turn4,53.22,very_long,la_streaming,2044.64,2001.00,43.64,0.0583,0.0873,0,
crosswoz_7652_turn3,53.35,very_long,la_streaming,2470.31,2425.83,44.47,0.1014,0.1528,0,
crosswoz_9577_turn4,53.42,very_long,la_streaming,1972.85,1927.00,45.85,0.0583,0.1092,0,
crosswoz_12011_turn4,53.96,very_long,la_streaming,1919.19,1873.88,45.31,0.0478,0.0970,4,
crosswoz_10197_turn4,54.39,very_long,la_streaming,1955.73,1873.66,82.07,0.0502,0.0881,0,
crosswoz_10040_turn4,56.44,very_long,la_streaming,2880.34,2832.56,47.78,0.0938,0.1489,2,
crosswoz_8436_turn4,56.62,very_long,la_streaming,1233.63,1188.32,45.30,0.0513,0.0820,0,
crosswoz_98_turn3,57.17,very_long,la_streaming,2404.15,2355.48,48.67,0.1157,0.1545,0,
crosswoz_12299_turn4,57.30,very_long,la_streaming,2097.86,2050.88,46.98,0.0693,0.1208,1,
crosswoz_9173_turn4,57.32,very_long,la_streaming,1831.96,1788.48,43.49,0.0474,0.0902,3,
crosswoz_12298_turn4,57.38,very_long,la_streaming,1817.63,1773.82,43.80,0.0431,0.0992,2,
crosswoz_11730_turn4,57.49,very_long,la_streaming,2018.51,1972.52,45.99,0.0700,0.1323,1,
crosswoz_11406_turn5,57.73,very_long,la_streaming,2074.27,2030.83,43.44,0.0868,0.1200,3,
crosswoz_9080_turn4,57.75,very_long,la_streaming,1773.84,1729.51,44.33,0.0583,0.0924,1,
crosswoz_10661_turn5,57.95,very_long,la_streaming,1957.76,1880.28,77.48,0.0788,0.1116,0,
crosswoz_11735_turn4,58.14,very_long,la_streaming,2596.82,2548.52,48.30,0.0420,0.0694,0,
crosswoz_497_turn6,59.06,very_long,la_streaming,1563.98,1502.84,61.13,0.0487,0.1079,2,
crosswoz_8672_turn6,59.12,very_long,la_streaming,2729.60,2685.36,44.24,0.5409,0.5393,1,
crosswoz_9275_turn3,59.13,very_long,la_streaming,1929.06,1885.92,43.14,0.0670,0.1510,0,
crosswoz_9033_turn5,59.28,very_long,la_streaming,2161.76,2115.95,45.81,0.0567,0.0938,1,
crosswoz_10331_turn4,59.61,very_long,la_streaming,1720.71,1676.50,44.21,0.0781,0.1065,0,
multiwoz_PMUL4612_turn6,60.05,extra_long,la_streaming,1566.69,1521.86,44.83,0.1921,0.0971,1,
multiwoz_PMUL0271_turn5,60.13,extra_long,la_streaming,1571.34,1526.69,44.65,0.1195,0.0743,0,
multiwoz_MUL1031_turn6,60.26,extra_long,la_streaming,1921.89,1877.69,44.20,0.3095,0.1697,0,
crosswoz_9365_turn5,60.36,extra_long,la_streaming,3100.92,3033.07,67.85,0.0887,0.1111,1,
multiwoz_PMUL4885_turn6,60.43,extra_long,la_streaming,2915.21,2866.64,48.57,0.2774,0.1355,0,
crosswoz_10296_turn5,60.53,extra_long,la_streaming,2700.05,2652.91,47.15,0.0683,0.1089,1,
multiwoz_MUL2016_turn5,60.72,extra_long,la_streaming,2617.37,2571.17,46.20,0.2174,0.0794,0,
multiwoz_PMUL0322_turn7,60.79,extra_long,la_streaming,2265.19,2219.19,46.01,0.2727,0.1218,0,
multiwoz_MUL2157_turn5,60.84,extra_long,la_streaming,1710.20,1647.08,63.12,0.3714,0.2906,0,
crosswoz_12315_turn5,60.96,extra_long,la_streaming,2045.15,1999.05,46.09,0.0672,0.1260,0,
multiwoz_MUL0711_turn7,61.10,extra_long,la_streaming,3164.64,3117.44,47.20,0.3150,0.2384,3,
multiwoz_MUL0176_turn6,61.22,extra_long,la_streaming,2544.50,2497.66,46.84,0.2256,0.1203,0,
multiwoz_MUL0666_turn6,61.31,extra_long,la_streaming,2042.65,1995.85,46.80,0.3190,0.1458,0,
crosswoz_11613_turn7,61.45,extra_long,la_streaming,2185.94,2042.06,143.88,0.2116,0.2519,3,
crosswoz_8717_turn4,61.50,extra_long,la_streaming,1835.89,1791.73,44.16,0.0833,0.1226,5,
crosswoz_10382_turn5,61.54,extra_long,la_streaming,2171.25,2123.71,47.53,0.0701,0.1036,1,
crosswoz_11334_turn5,61.63,extra_long,la_streaming,4302.16,4258.28,43.88,0.0788,0.1378,0,
multiwoz_MUL1353_turn5,61.80,extra_long,la_streaming,4035.67,3990.73,44.94,0.3200,0.1288,0,
multiwoz_MUL1001_turn6,61.89,extra_long,la_streaming,2878.58,2835.46,43.11,0.2924,0.1704,0,
multiwoz_MUL0789_turn5,61.94,extra_long,la_streaming,1719.62,1654.05,65.57,0.1973,0.0997,0,
crosswoz_422_turn5,62.03,extra_long,la_streaming,1957.76,1912.67,45.08,0.0533,0.1008,0,
crosswoz_8907_turn5,62.37,extra_long,la_streaming,2278.53,2234.32,44.21,0.0520,0.0824,2,
multiwoz_MUL0084_turn6,62.45,extra_long,la_streaming,2890.11,2840.40,49.72,0.1925,0.1062,0,
multiwoz_PMUL0460_turn5,62.47,extra_long,la_streaming,2178.69,2112.12,66.57,0.2956,0.1460,0,
multiwoz_MUL1459_turn6,62.57,extra_long,la_streaming,1655.41,1610.04,45.37,0.2073,0.0945,0,
multiwoz_MUL0711_turn6,62.64,extra_long,la_streaming,1962.06,1916.66,45.40,0.2062,0.0981,1,
crosswoz_10197_turn5,62.74,extra_long,la_streaming,2712.58,2621.00,91.58,0.1155,0.1603,1,
multiwoz_MUL0641_turn5,62.77,extra_long,la_streaming,3517.86,3406.16,111.70,0.3197,0.1537,1,
multiwoz_MUL1377_turn4,62.84,extra_long,la_streaming,2997.63,2950.10,47.54,0.2222,0.1302,1,
multiwoz_PMUL4499_turn6,63.08,extra_long,la_streaming,3572.10,3520.41,51.69,0.3158,0.1779,0,
multiwoz_PMUL2034_turn4,63.31,extra_long,la_streaming,1490.99,1446.14,44.85,0.3103,0.1323,2,
multiwoz_MUL1215_turn6,63.36,extra_long,la_streaming,2754.46,2654.68,99.78,0.2703,0.1506,0,
multiwoz_MUL1332_turn7,63.53,extra_long,la_streaming,1691.86,1642.74,49.12,0.3544,0.1521,0,
multiwoz_PMUL2034_turn5,63.60,extra_long,la_streaming,3397.44,3354.26,43.18,0.3841,0.2544,1,
crosswoz_2228_turn5,63.63,extra_long,la_streaming,2594.36,2550.49,43.87,0.0558,0.0863,1,
multiwoz_PMUL1904_turn7,63.72,extra_long,la_streaming,3085.47,3005.16,80.31,0.2899,0.2123,3,
multiwoz_MUL1330_turn5,64.04,extra_long,la_streaming,2268.38,2220.80,47.58,0.2013,0.1059,1,
multiwoz_MUL0069_turn6,64.09,extra_long,la_streaming,1386.91,1330.26,56.65,0.1728,0.0780,0,
crosswoz_98_turn4,64.45,extra_long,la_streaming,1877.75,1828.10,49.65,0.0984,0.1400,0,
crosswoz_8202_turn5,64.54,extra_long,la_streaming,2304.33,2258.44,45.89,0.0962,0.1333,2,
crosswoz_8424_turn4,64.66,extra_long,la_streaming,5450.25,5403.59,46.66,0.0491,0.0842,0,
multiwoz_MUL1320_turn8,64.75,extra_long,la_streaming,3522.55,3474.09,48.46,0.3093,0.2205,0,
crosswoz_11893_turn5,64.84,extra_long,la_streaming,1496.08,1437.17,58.90,0.0607,0.0903,1,
multiwoz_PMUL0085_turn6,65.31,extra_long,la_streaming,2916.45,2869.28,47.17,0.3029,0.1356,0,
crosswoz_9956_turn8,65.46,extra_long,la_streaming,1980.60,1935.80,44.81,0.0664,0.1172,2,
crosswoz_9577_turn5,65.54,extra_long,la_streaming,1896.57,1847.92,48.65,0.0519,0.0935,0,
crosswoz_9173_turn5,65.60,extra_long,la_streaming,3006.61,2960.63,45.99,0.0331,0.0769,3,
multiwoz_MUL0183_turn6,65.64,extra_long,la_streaming,1530.83,1485.65,45.18,0.1695,0.0848,0,
multiwoz_MUL1003_turn6,65.78,extra_long,la_streaming,2873.82,2822.55,51.27,0.1871,0.0845,1,
multiwoz_PMUL1745_turn7,65.82,extra_long,la_streaming,2735.62,2691.31,44.31,0.1862,0.0960,0,
crosswoz_10574_turn6,66.06,extra_long,la_streaming,3305.27,3246.23,59.03,0.0521,0.0930,0,
multiwoz_MUL1320_turn7,66.17,extra_long,la_streaming,2314.08,2268.71,45.37,0.2931,0.1453,2,
crosswoz_1101_turn5,66.22,extra_long,la_streaming,3432.12,3387.74,44.38,0.1985,0.2409,2,
multiwoz_MUL0874_turn6,66.50,extra_long,la_streaming,4321.03,4276.22,44.81,0.2454,0.1049,1,
crosswoz_10749_turn5,66.66,extra_long,la_streaming,1651.86,1607.16,44.70,0.0534,0.0893,1,
multiwoz_MUL1203_turn5,66.71,extra_long,la_streaming,1786.56,1739.00,47.56,0.2575,0.1224,2,
crosswoz_9200_turn5,66.75,extra_long,la_streaming,2191.60,2145.48,46.13,0.0425,0.0945,2,
multiwoz_PMUL2175_turn8,66.97,extra_long,la_streaming,1594.64,1547.82,46.82,0.3647,0.1726,1,
multiwoz_PMUL4254_turn6,67.34,extra_long,la_streaming,2214.69,2168.57,46.12,0.3580,0.1667,0,
crosswoz_10040_turn5,67.37,extra_long,la_streaming,2573.41,2526.54,46.87,0.0837,0.1268,2,
multiwoz_MUL0193_turn5,67.44,extra_long,la_streaming,1849.63,1793.87,55.76,0.4200,0.1551,0,
crosswoz_7310_turn5,67.55,extra_long,la_streaming,1659.90,1615.76,44.15,0.0612,0.1045,0,
multiwoz_PMUL2296_turn5,67.57,extra_long,la_streaming,3255.99,3188.74,67.25,0.2343,0.1093,1,
crosswoz_12299_turn5,67.59,extra_long,la_streaming,1480.54,1436.11,44.43,0.0766,0.1404,0,
crosswoz_8796_turn4,67.73,extra_long,la_streaming,1269.76,1225.72,44.03,0.0942,0.1383,1,
crosswoz_497_turn7,67.78,extra_long,la_streaming,1872.03,1827.81,44.22,0.0599,0.0986,0,
multiwoz_MUL0023_turn6,68.06,extra_long,la_streaming,2243.39,2163.10,80.30,0.2393,0.1166,2,
crosswoz_7652_turn4,68.29,extra_long,la_streaming,2702.88,2658.57,44.30,0.1168,0.1690,0,
crosswoz_7701_turn5,68.35,extra_long,la_streaming,1714.20,1664.41,49.80,0.0511,0.0972,1,
multiwoz_MUL0789_turn6,68.46,extra_long,la_streaming,1598.97,1554.40,44.57,0.1765,0.0859,0,
crosswoz_8672_turn7,68.49,extra_long,la_streaming,2160.22,2114.14,46.08,0.0702,0.1212,4,
crosswoz_3145_turn5,68.57,extra_long,la_streaming,2062.02,2017.13,44.89,0.0447,0.0803,2,
multiwoz_PMUL2936_turn6,68.87,extra_long,la_streaming,3696.26,3634.15,62.12,0.3046,0.1304,1,
multiwoz_MUL2174_turn8,69.17,extra_long,la_streaming,2918.26,2852.60,65.66,0.2733,0.1128,1,
crosswoz_11334_turn6,69.18,extra_long,la_streaming,1590.62,1547.01,43.61,0.1000,0.1498,0,
multiwoz_PMUL2319_turn5,69.42,extra_long,la_streaming,2469.39,2422.71,46.68,0.2456,0.1236,0,
crosswoz_10296_turn6,69.58,extra_long,la_streaming,1232.75,1187.88,44.87,0.0385,0.0743,0,
multiwoz_PMUL2034_turn6,69.65,extra_long,la_streaming,3734.50,3666.05,68.45,0.3057,0.2199,0,
crosswoz_10197_turn6,69.76,extra_long,la_streaming,2078.97,2033.84,45.13,0.1089,0.1429,1,
crosswoz_12298_turn5,69.95,extra_long,la_streaming,2097.66,2053.01,44.65,0.0378,0.0957,2,
crosswoz_11361_turn5,70.04,extra_long,la_streaming,2603.79,2529.71,74.08,0.0550,0.0867,0,
multiwoz_PMUL0271_turn6,70.18,extra_long,la_streaming,1613.76,1565.47,48.28,0.1202,0.0675,1,
crosswoz_11592_turn4,70.22,extra_long,la_streaming,1863.08,1817.69,45.39,0.3205,0.3547,3,
crosswoz_422_turn6,70.26,extra_long,la_streaming,1813.83,1765.04,48.79,0.0636,0.1237,2,
multiwoz_PMUL3103_turn9,70.91,extra_long,la_streaming,1741.56,1693.37,48.19,0.3927,0.2675,0,
crosswoz_9956_turn9,71.04,extra_long,la_streaming,1972.84,1929.10,43.74,0.1111,0.1564,2,
multiwoz_MUL0076_turn6,71.11,extra_long,la_streaming,2034.17,1986.00,48.17,0.3017,0.1196,2,
crosswoz_10749_turn6,71.68,extra_long,la_streaming,1775.07,1731.21,43.86,0.0418,0.0898,1,
crosswoz_11730_turn5,71.73,extra_long,la_streaming,2402.44,2351.62,50.82,0.2148,0.2548,2,
multiwoz_MUL1152_turn6,71.94,extra_long,la_streaming,1638.37,1587.02,51.35,0.2556,0.1216,1,
multiwoz_MUL1377_turn5,71.98,extra_long,la_streaming,3574.51,3528.94,45.56,0.2244,0.1231,0,
crosswoz_9138_turn5,72.05,extra_long,la_streaming,2172.25,2127.16,45.09,0.0444,0.0976,2,
multiwoz_PMUL4885_turn7,72.13,extra_long,la_streaming,3047.68,3003.40,44.28,0.3011,0.1486,0,
crosswoz_11735_turn5,72.26,extra_long,la_streaming,3913.77,3867.84,45.93,0.0264,0.0609,1,
multiwoz_PMUL0237_turn7,72.26,extra_long,la_streaming,1807.92,1762.16,45.77,0.2531,0.1209,1,
crosswoz_11406_turn6,72.34,extra_long,la_streaming,1235.56,1193.12,42.44,0.0872,0.1201,2,
crosswoz_12315_turn6,72.59,extra_long,la_streaming,1955.59,1910.96,44.63,0.0797,0.1186,1,
multiwoz_MUL1353_turn6,72.88,extra_long,la_streaming,2344.39,2298.35,46.04,0.2688,0.1328,0,
multiwoz_MUL1191_turn6,72.97,extra_long,la_streaming,2366.24,2318.33,47.91,0.3369,0.1760,0,
crosswoz_11248_turn4,73.00,extra_long,la_streaming,4427.15,4375.80,51.35,0.0386,0.0752,0,
crosswoz_8202_turn6,73.18,extra_long,la_streaming,2387.01,2342.42,44.60,0.0762,0.1115,2,
crosswoz_11893_turn6,73.40,extra_long,la_streaming,2395.54,2335.83,59.71,0.0530,0.0934,1,
crosswoz_7196_turn5,73.73,extra_long,la_streaming,3770.01,3660.34,109.67,0.0939,0.1313,0,
crosswoz_10661_turn6,73.96,extra_long,la_streaming,1251.71,1206.22,45.49,0.0658,0.1139,0,
crosswoz_9173_turn6,74.95,extra_long,la_streaming,1448.58,1402.76,45.82,0.0295,0.0872,4,
crosswoz_12299_turn6,75.37,extra_long,la_streaming,2984.55,2938.69,45.86,0.0641,0.1138,0,
crosswoz_12011_turn5,75.75,extra_long,la_streaming,2044.47,1998.68,45.79,0.0597,0.1040,1,
crosswoz_7701_turn6,75.85,extra_long,la_streaming,1848.62,1686.56,162.06,0.2442,0.2853,4,
crosswoz_8707_turn5,76.44,extra_long,la_streaming,2762.37,2718.15,44.21,0.1156,0.1498,3,
crosswoz_98_turn5,78.18,extra_long,la_streaming,1515.29,1470.85,44.45,0.1047,0.1283,0,
crosswoz_9577_turn6,78.19,extra_long,la_streaming,1984.96,1938.84,46.12,0.0606,0.0941,0,
crosswoz_10296_turn7,78.52,extra_long,la_streaming,2702.44,2640.61,61.83,0.0400,0.0920,1,
crosswoz_7310_turn6,78.56,extra_long,la_streaming,1921.23,1866.47,54.76,0.0557,0.0928,1,
crosswoz_9033_turn6,78.88,extra_long,la_streaming,1768.26,1723.46,44.80,0.0526,0.0863,0,
crosswoz_11592_turn5,79.84,extra_long,la_streaming,2837.94,2793.35,44.59,0.2467,0.2662,3,
crosswoz_11730_turn6,79.86,extra_long,la_streaming,1813.46,1759.21,54.26,0.1511,0.1977,2,
crosswoz_497_turn8,79.98,extra_long,la_streaming,1660.12,1614.99,45.14,0.0588,0.0936,0,
crosswoz_8424_turn5,80.12,extra_long,la_streaming,1974.40,1930.63,43.77,0.0517,0.0885,2,
crosswoz_8436_turn5,80.13,extra_long,la_streaming,3272.09,3224.23,47.86,0.0483,0.0986,1,
crosswoz_10382_turn6,80.77,extra_long,la_streaming,1235.85,1190.12,45.73,0.2762,0.2958,2,
crosswoz_8907_turn6,81.18,extra_long,la_streaming,2337.76,2290.48,47.27,0.0597,0.0934,0,
crosswoz_10331_turn5,81.56,extra_long,la_streaming,5160.46,5115.81,44.65,0.0649,0.1083,0,
crosswoz_8672_turn8,81.58,extra_long,la_streaming,1725.42,1678.41,47.01,0.0557,0.0983,2,
crosswoz_9365_turn6,81.77,extra_long,la_streaming,2672.34,2627.65,44.69,0.0742,0.1193,5,
crosswoz_9200_turn6,81.87,extra_long,la_streaming,1759.07,1713.50,45.57,0.0186,0.0704,4,
crosswoz_11613_turn8,81.98,extra_long,la_streaming,2413.27,2348.40,64.87,0.0617,0.1275,3,
crosswoz_11334_turn7,82.63,extra_long,la_streaming,1488.42,1443.63,44.79,0.0964,0.1567,2,
crosswoz_962_turn5,83.24,extra_long,la_streaming,1860.59,1814.84,45.76,0.0948,0.1280,1,
crosswoz_10574_turn7,83.48,extra_long,la_streaming,2224.39,2179.74,44.65,0.0541,0.0845,1,
crosswoz_11613_turn9,83.64,extra_long,la_streaming,1869.58,1817.62,51.96,0.2689,0.3079,7,
crosswoz_10197_turn7,83.87,extra_long,la_streaming,1563.37,1517.44,45.94,0.1080,0.1493,1,
crosswoz_11248_turn5,84.35,extra_long,la_streaming,2190.70,2146.58,44.12,0.0426,0.0829,1,
crosswoz_11735_turn6,84.73,extra_long,la_streaming,1443.90,1400.29,43.60,0.0471,0.0940,3,
crosswoz_3145_turn6,84.78,extra_long,la_streaming,3038.65,2993.54,45.12,0.0511,0.1011,2,
crosswoz_8202_turn7,84.83,extra_long,la_streaming,1589.74,1546.14,43.60,0.0629,0.0989,1,
crosswoz_9173_turn7,85.55,extra_long,la_streaming,2213.55,2168.52,45.03,0.0605,0.1151,4,
crosswoz_422_turn7,86.13,extra_long,la_streaming,1286.54,1242.52,44.02,0.0693,0.1190,2,
crosswoz_12315_turn7,86.22,extra_long,la_streaming,3453.51,3408.81,44.70,0.0805,0.1108,0,
crosswoz_1101_turn6,86.30,extra_long,la_streaming,3612.19,3539.36,72.83,0.1392,0.1784,4,
crosswoz_10749_turn7,86.67,extra_long,la_streaming,1614.88,1570.71,44.17,0.0511,0.0984,0,
crosswoz_9138_turn6,88.11,extra_long,la_streaming,2531.07,2485.34,45.72,0.0428,0.0925,3,
crosswoz_9275_turn4,88.19,extra_long,la_streaming,1626.62,1582.73,43.89,0.0823,0.1545,1,
crosswoz_11406_turn7,88.25,extra_long,la_streaming,1793.45,1744.61,48.85,0.0752,0.1105,3,
crosswoz_10661_turn7,88.57,extra_long,la_streaming,1352.16,1300.16,51.99,0.0604,0.1005,1,
crosswoz_11730_turn7,88.61,extra_long,la_streaming,2086.01,2040.45,45.57,0.1520,0.2000,1,
crosswoz_10382_turn7,90.62,extra_long,la_streaming,2153.58,2076.64,76.94,0.2345,0.2544,3,
crosswoz_8707_turn6,90.69,extra_long,la_streaming,1885.85,1840.42,45.43,0.2535,0.2730,5,
crosswoz_9394_turn5,90.73,extra_long,la_streaming,2105.74,2044.47,61.27,0.0997,0.1475,2,
crosswoz_10296_turn8,90.87,extra_long,la_streaming,1528.46,1485.00,43.46,0.0375,0.0749,1,
crosswoz_9080_turn6,91.27,extra_long,la_streaming,2009.13,1963.17,45.96,0.0546,0.1024,1,
crosswoz_7701_turn7,91.39,extra_long,la_streaming,1713.77,1669.23,44.54,0.0499,0.1029,2,
crosswoz_8796_turn5,91.47,extra_long,la_streaming,1548.48,1491.20,57.28,0.0907,0.1310,3,
crosswoz_11893_turn7,91.63,extra_long,la_streaming,1502.24,1457.39,44.85,0.0453,0.0902,1,
crosswoz_8202_turn9,92.69,extra_long,la_streaming,2158.21,2113.81,44.40,0.1863,0.2149,3,
crosswoz_7310_turn7,92.80,extra_long,la_streaming,1749.37,1703.56,45.82,0.1527,0.1838,0,
crosswoz_12299_turn7,93.05,extra_long,la_streaming,1993.10,1948.24,44.86,0.0744,0.1210,0,
crosswoz_7196_turn6,93.16,extra_long,la_streaming,1883.02,1827.47,55.55,0.1640,0.1990,1,
crosswoz_98_turn6,93.20,extra_long,la_streaming,1268.59,1218.34,50.25,0.0974,0.1588,2,
crosswoz_8717_turn5,93.45,extra_long,la_streaming,1962.70,1918.52,44.18,0.1014,0.1417,3,
crosswoz_11334_turn8,94.09,extra_long,la_streaming,1827.86,1783.13,44.73,0.0593,0.1071,4,
crosswoz_10574_turn8,94.41,extra_long,la_streaming,1591.96,1548.10,43.86,0.0521,0.0903,0,
crosswoz_8707_turn7,94.76,extra_long,la_streaming,1963.86,1918.63,45.23,0.2200,0.2590,2,
crosswoz_7701_turn8,95.00,extra_long,la_streaming,1408.82,1353.64,55.18,0.0863,0.1208,2,
crosswoz_9577_turn7,95.45,extra_long,la_streaming,1795.53,1750.12,45.40,0.0319,0.0621,0,
crosswoz_12298_turn6,95.78,extra_long,la_streaming,3708.77,3663.56,45.20,0.0563,0.1127,3,
crosswoz_11406_turn8,95.82,extra_long,la_streaming,1404.96,1357.41,47.55,0.0897,0.1262,3,
crosswoz_12011_turn6,96.61,extra_long,la_streaming,1572.08,1527.67,44.40,0.3641,0.3835,1,
crosswoz_8202_turn8,96.85,extra_long,la_streaming,2241.57,2192.83,48.74,0.0631,0.1141,1,
crosswoz_8672_turn9,96.92,extra_long,la_streaming,1291.29,1247.16,44.13,0.4275,0.4340,5,
crosswoz_10296_turn9,97.12,extra_long,la_streaming,1661.57,1617.55,44.01,0.0325,0.0841,1,
crosswoz_7652_turn5,97.13,extra_long,la_streaming,2045.86,2001.48,44.38,0.0980,0.1538,1,
crosswoz_11592_turn6,97.43,extra_long,la_streaming,1667.64,1623.08,44.56,0.1928,0.2225,6,
crosswoz_2228_turn7,97.83,extra_long,la_streaming,1573.11,1523.32,49.79,0.0431,0.0766,2,
crosswoz_12315_turn8,98.13,extra_long,la_streaming,1723.54,1679.59,43.95,0.0678,0.1090,1,
crosswoz_9033_turn7,98.59,extra_long,la_streaming,2211.11,2166.28,44.82,0.1005,0.1466,0,
crosswoz_9275_turn5,98.84,extra_long,la_streaming,2072.27,2025.38,46.89,0.0740,0.1291,4,
crosswoz_10749_turn8,99.03,extra_long,la_streaming,1525.71,1480.21,45.50,0.0458,0.0928,2,
crosswoz_8907_turn7,99.61,extra_long,la_streaming,4245.40,4195.87,49.53,0.0556,0.0874,1,
crosswoz_11730_turn8,99.66,extra_long,la_streaming,1713.92,1669.61,44.31,0.0498,0.1036,1,
crosswoz_9200_turn7,99.69,extra_long,la_streaming,2564.92,2520.70,44.22,0.0375,0.0810,2,
crosswoz_9365_turn7,100.19,extra_long,la_streaming,1962.82,1916.44,46.39,0.0572,0.1045,5,
crosswoz_10197_turn8,100.23,extra_long,la_streaming,1634.27,1588.11,46.16,0.0993,0.1416,1,
crosswoz_10574_turn9,100.64,extra_long,la_streaming,2422.21,2372.89,49.32,0.0370,0.0773,2,
crosswoz_10040_turn7,100.72,extra_long,la_streaming,1662.38,1617.04,45.34,0.0923,0.1473,3,
crosswoz_3145_turn7,101.27,extra_long,la_streaming,1900.89,1856.95,43.94,0.0531,0.0951,0,
crosswoz_9080_turn7,101.42,extra_long,la_streaming,1721.34,1676.55,44.79,0.0499,0.0868,0,
crosswoz_11248_turn6,101.94,extra_long,la_streaming,1861.00,1815.95,45.05,0.0609,0.1091,3,
crosswoz_1101_turn7,102.08,extra_long,la_streaming,5026.46,4978.57,47.90,0.0902,0.1360,1,
crosswoz_8796_turn6,102.16,extra_long,la_streaming,2010.82,1946.31,64.50,0.0858,0.1262,1,
crosswoz_8424_turn6,102.40,extra_long,la_streaming,1575.56,1531.07,44.49,0.0546,0.0924,0,
crosswoz_8436_turn6,102.54,extra_long,la_streaming,1371.09,1327.16,43.93,0.0483,0.1023,3,
crosswoz_98_turn7,102.67,extra_long,la_streaming,1801.30,1699.77,101.54,0.0990,0.1523,2,
crosswoz_10382_turn8,102.95,extra_long,la_streaming,2013.59,1967.39,46.20,0.0773,0.1184,3,
crosswoz_11361_turn7,103.14,extra_long,la_streaming,2607.01,2558.56,48.45,0.0803,0.1425,4,
crosswoz_7196_turn7,103.87,extra_long,la_streaming,2495.46,2449.86,45.60,0.0845,0.1189,0,
crosswoz_12315_turn9,103.92,extra_long,la_streaming,2494.84,2437.28,57.56,0.1253,0.1509,2,
crosswoz_8672_turn10,103.99,extra_long,la_streaming,1502.29,1455.98,46.31,0.1352,0.1696,6,
crosswoz_11893_turn8,104.53,extra_long,la_streaming,2325.15,2225.17,99.98,0.0545,0.0989,4,
crosswoz_422_turn8,104.55,extra_long,la_streaming,2187.30,2142.28,45.02,0.0752,0.1050,3,
crosswoz_11334_turn9,104.65,extra_long,la_streaming,1626.90,1582.56,44.34,0.0713,0.1270,3,
crosswoz_12299_turn8,104.91,extra_long,la_streaming,2530.74,2486.82,43.92,0.0614,0.0897,0,
crosswoz_12011_turn7,105.08,extra_long,la_streaming,1641.55,1597.30,44.25,0.0747,0.1143,1,
crosswoz_497_turn9,105.20,extra_long,la_streaming,2011.52,1963.36,48.15,0.0386,0.0782,1,
crosswoz_1101_turn8,105.89,extra_long,la_streaming,1775.44,1730.11,45.32,0.1152,0.1707,5,
crosswoz_9956_turn10,105.89,extra_long,la_streaming,2669.18,2572.36,96.82,0.1278,0.1736,5,
crosswoz_10661_turn8,106.86,extra_long,la_streaming,2011.10,1967.93,43.17,0.0750,0.1118,3,
crosswoz_3145_turn8,106.97,extra_long,la_streaming,1122.45,1077.28,45.17,0.3347,0.3602,0,
crosswoz_10749_turn9,107.25,extra_long,la_streaming,1633.03,1585.69,47.34,0.0593,0.1036,0,
crosswoz_9173_turn8,107.57,extra_long,la_streaming,1876.83,1832.82,44.01,0.2573,0.2848,1,
crosswoz_10197_turn9,107.88,extra_long,la_streaming,2077.76,2030.77,46.99,0.1127,0.1603,3,
crosswoz_9200_turn8,107.90,extra_long,la_streaming,1766.70,1721.00,45.69,0.0320,0.0850,4,
crosswoz_12298_turn7,108.14,extra_long,la_streaming,2450.14,2359.54,90.60,0.0584,0.0991,2,
crosswoz_10296_turn10,108.77,extra_long,la_streaming,1862.84,1799.87,62.97,0.0449,0.0994,2,
crosswoz_9956_turn11,108.83,extra_long,la_streaming,2119.54,2054.86,64.68,0.1391,0.1896,3,
crosswoz_8717_turn6,109.11,extra_long,la_streaming,1773.00,1726.42,46.58,0.1187,0.1579,2,
crosswoz_11406_turn9,109.32,extra_long,la_streaming,1910.70,1866.66,44.04,0.0652,0.0998,3,
crosswoz_10331_turn6,109.55,extra_long,la_streaming,2019.10,1962.44,56.66,0.0680,0.1116,1,
crosswoz_11592_turn7,109.94,extra_long,la_streaming,2227.78,2181.26,46.52,0.0870,0.1268,4,
crosswoz_11735_turn7,111.10,extra_long,la_streaming,2390.20,2323.03,67.17,0.0482,0.0843,2,
crosswoz_962_turn6,111.61,extra_long,la_streaming,2031.92,1958.81,73.11,0.1236,0.1712,1,
crosswoz_9577_turn8,111.73,extra_long,la_streaming,2305.61,2257.09,48.52,0.0530,0.0844,1,
crosswoz_7196_turn8,111.98,extra_long,la_streaming,2530.37,2458.69,71.68,0.0541,0.0938,2,
crosswoz_7701_turn9,112.52,extra_long,la_streaming,2502.91,2456.03,46.88,0.0583,0.1224,4,
crosswoz_11613_turn10,112.89,extra_long,la_streaming,2290.77,2228.26,62.51,0.1236,0.1708,5,
crosswoz_8907_turn8,112.89,extra_long,la_streaming,1529.77,1482.38,47.39,0.0830,0.1118,2,
crosswoz_2228_turn8,113.03,extra_long,la_streaming,2481.27,2432.85,48.41,0.0560,0.0885,0,
crosswoz_9033_turn8,115.37,extra_long,la_streaming,3444.23,3400.15,44.08,0.0699,0.1255,1,
crosswoz_10040_turn8,115.68,extra_long,la_streaming,5309.89,5266.35,43.54,0.0935,0.1379,2,
crosswoz_9080_turn8,115.78,extra_long,la_streaming,1786.57,1737.69,48.88,0.0681,0.1181,0,
crosswoz_11730_turn9,115.94,extra_long,la_streaming,2860.26,2802.06,58.20,0.2366,0.2617,4,
crosswoz_10661_turn9,116.25,extra_long,la_streaming,1754.32,1708.73,45.59,0.0640,0.1155,2,
crosswoz_9138_turn7,116.46,extra_long,la_streaming,1840.21,1796.08,44.13,0.0523,0.0911,3,
crosswoz_11592_turn8,116.61,extra_long,la_streaming,2388.42,2341.84,46.58,0.0674,0.1176,6,
crosswoz_10749_turn10,117.50,extra_long,la_streaming,1444.87,1396.66,48.21,0.2276,0.2559,3,
crosswoz_8707_turn8,117.71,extra_long,la_streaming,1860.86,1815.44,45.41,0.1660,0.2039,5,
crosswoz_11334_turn10,117.88,extra_long,la_streaming,1854.28,1800.88,53.41,0.0814,0.1190,1,
crosswoz_10382_turn9,118.54,extra_long,la_streaming,1639.28,1563.80,75.48,0.0676,0.1209,2,
crosswoz_8796_turn7,119.41,extra_long,la_streaming,2602.74,2557.73,45.01,0.0729,0.1066,5,
crosswoz_497_turn10,119.47,extra_long,la_streaming,2672.47,2624.98,47.49,0.0642,0.1163,1,
crosswoz_8202_turn10,119.53,extra_long,la_streaming,1682.56,1638.90,43.65,0.0482,0.0829,4,
