dataset,sample_id,duration_group,error_rate,metric,hypothesis,reference
librispeech,librispeech_1089-134686,long,0.0556,WER,"He hoped there would be stew for dinner, turnips and carrots and bruised potatoes, and fat mutton pieces to be ladled out in thick, peppered, flour-fattened sauce. Stuff it into you, his belly counseled him. After early nightfall the yellow lamps would light up here and there the squalid quarter of the brothels.",HE HOPED THERE WOULD BE STEW FOR DINNER TURNIPS AND CARROTS AND BRUISED POTATOES AND FAT MUTTON PIECES TO BE LADLED OUT 
librispeech,librispeech_1089-134691,long,0.0,WER,"He could wait no longer. For a full hour he had paced up and down, waiting, but he could wait no longer. He set off abruptly for the bull, walking rapidly lest his father's shrill whistle might call him back, and in a few moments he had rounded the curve at the police barrack and was safe.",HE COULD WAIT NO LONGER FOR A FULL HOUR HE HAD PACED UP AND DOWN WAITING BUT HE COULD WAIT NO LONGER HE SET OFF ABRUPTLY
librispeech,librispeech_1188-133604,long,0.0,WER,"You will find me continually speaking of four men, Titian, Holbein, Turner, and Tintoret, in almost the same terms. They unite every quality, and sometimes you will find me referring to them as colorists, sometimes as chiaroscurists.",YOU WILL FIND ME CONTINUALLY SPEAKING OF FOUR MEN TITIAN HOLBEIN TURNER AND TINTORET IN ALMOST THE SAME TERMS THEY UNITE
librispeech,librispeech_121-121726,long,0.08,WER,also a popular contrivance whereby love-making may be suspended but not stopped during the picnic season harangue the tiresome product of a tireless tongue,ALSO A POPULAR CONTRIVANCE WHEREBY LOVE MAKING MAY BE SUSPENDED BUT NOT STOPPED DURING THE PICNIC SEASON HARANGUE THE TI
librispeech,librispeech_121-123852,long,0.069,WER,those pretty wrongs that liberty commits when i am some time absent from thy heart thy beauty and thy years full well befits for still temptation follows where thou art,THOSE PRETTY WRONGS THAT LIBERTY COMMITS WHEN I AM SOMETIME ABSENT FROM THY HEART THY BEAUTY AND THY YEARS FULL WELL BEF
librispeech,librispeech_121-123859,long,0.027,WER,you are my all the world and i must strive to know my shames and praises from your tongue none else to me nor i to none alive that my steeled sense or changes right or wrong,YOU ARE MY ALL THE WORLD AND I MUST STRIVE TO KNOW MY SHAMES AND PRAISES FROM YOUR TONGUE NONE ELSE TO ME NOR I TO NONE 
librispeech,librispeech_121-127105,long,0.0476,WER,it was this observation that drew from douglas not immediately but later in the evening a reply that had the interesting consequence to which i call attention some one else told a story not particularly effective which i saw he was not following,IT WAS THIS OBSERVATION THAT DREW FROM DOUGLAS NOT IMMEDIATELY BUT LATER IN THE EVENING A REPLY THAT HAD THE INTERESTING
librispeech,librispeech_1221-135766,long,0.0471,WER,how strange it seemed to the sad woman as she watched the growth and the beauty that became every day more brilliant and the intelligence that threw its quivering sunshine over the tiny features of this child god as a direct consequence of the sin which man thus punished had given her a lovely child whose place was on that same dishonored bosom to connect her parent forever with the race and descent of mortals and to be finally a blessed soul in heaven You,HOW STRANGE IT SEEMED TO THE SAD WOMAN AS SHE WATCHED THE GROWTH AND THE BEAUTY THAT BECAME EVERY DAY MORE BRILLIANT AND
librispeech,librispeech_1221-135767,long,0.0278,WER,hester prynne went one day to the mansion of governor bellingham with a pair of gloves which he had fringed and embroidered to his order and which were to be worn on some great occasion of state for though the chances of a popular election had caused this former ruler to descend a step or two from the highest rank he still held an honorable and influential place among the colonial magistracy,HESTER PRYNNE WENT ONE DAY TO THE MANSION OF GOVERNOR BELLINGHAM WITH A PAIR OF GLOVES WHICH SHE HAD FRINGED AND EMBROID
librispeech,librispeech_1284-1180,long,0.02,WER,he wore blue silk stockings blue knee pants with gold buckles a blue ruffled waist and a jacket of bright blue braided with gold his hat had a peaked crown at a flat brim and around the brim was a row of tiny golden bells that tinkled when he moved,HE WORE BLUE SILK STOCKINGS BLUE KNEE PANTS WITH GOLD BUCKLES A BLUE RUFFLED WAIST AND A JACKET OF BRIGHT BLUE BRAIDED W
librispeech,librispeech_1284-1181,long,0.0244,WER,ojo examined this curious contrivance with wonder margolot had first made the girl's form from the patchwork quilt and then she had dressed it with a patchwork skirt and an apron with pockets in it using the same gay material throughout,OJO EXAMINED THIS CURIOUS CONTRIVANCE WITH WONDER MARGOLOTTE HAD FIRST MADE THE GIRL'S FORM FROM THE PATCHWORK QUILT AND
librispeech,librispeech_1284-134647,long,0.0208,WER,the grateful applause of the clergy has consecrated the memory of a prince who indulged their passions and promoted their interest the edict of milan the great charter of toleration had confirmed to each individual of the roman world the privilege of choosing and professing his own religion You,THE GRATEFUL APPLAUSE OF THE CLERGY HAS CONSECRATED THE MEMORY OF A PRINCE WHO INDULGED THEIR PASSIONS AND PROMOTED THEI
librispeech,librispeech_1320-122612,long,0.0,WER,"Since the period of our tale, the active spirit of the country has surrounded it with a belt of rich and thriving settlements, though none but the hunter or the savage is ever known even now to penetrate its wild recesses. The dews were suffered to exhale, and the sun had dispersed the mists, and was shedding a strong and clear light in the forest when the travelers resumed their journey.",SINCE THE PERIOD OF OUR TALE THE ACTIVE SPIRIT OF THE COUNTRY HAS SURROUNDED IT WITH A BELT OF RICH AND THRIVING SETTLEM
librispeech,librispeech_1320-122617,long,0.0169,WER,"Notwithstanding the high resolution of Hawkeye, he fully comprehended all the difficulties and danger he was about to incur. In his return to the camp, his acute and practiced intellects were intently engaged in devising means to counteract a watchfulness and suspicion on the part of his enemies that he knew were in no degree inferior to his own.",NOTWITHSTANDING THE HIGH RESOLUTION OF HAWKEYE HE FULLY COMPREHENDED ALL THE DIFFICULTIES AND DANGER HE WAS ABOUT TO INC
librispeech,librispeech_1580-141083,long,0.0,WER,i will endeavour in my statement to avoid such terms as would serve to limit the events to any particular place or give a clue as to the people concerned i had always known him to be restless in his manner but on this particular occasion he was in such a state of uncontrollable agitation that it was clear something very unusual had occurred,I WILL ENDEAVOUR IN MY STATEMENT TO AVOID SUCH TERMS AS WOULD SERVE TO LIMIT THE EVENTS TO ANY PARTICULAR PLACE OR GIVE 
librispeech,librispeech_1580-141084,long,0.0233,WER,it was the indian whose dark silhouette appeared suddenly upon his blind he was pacing swiftly up and down his room the set of rooms is quite the oldest in the college and it is not unusual for visitors to go over them,IT WAS THE INDIAN WHOSE DARK SILHOUETTE APPEARED SUDDENLY UPON HIS BLIND HE WAS PACING SWIFTLY UP AND DOWN HIS ROOM THIS
librispeech,librispeech_1995-1826,long,0.037,WER,"In the debate between the senior societies, her defense of the 15th Amendment had been not only a notable bit of reasoning, but delivered with real enthusiasm. The South she had not thought of seriously, and yet, knowing of its delightful hospitality and mild climate, she was not averse to Charleston or New Orleans.",IN THE DEBATE BETWEEN THE SENIOR SOCIETIES HER DEFENCE OF THE FIFTEENTH AMENDMENT HAD BEEN NOT ONLY A NOTABLE BIT OF REA
librispeech,librispeech_1995-1836,long,0.0488,WER,the honorable charles smith miss sarah's brother was walking swiftly uptown from mr easterly's wall street office and his face was pale at last the cotton combine was to all appearances an assured fact and he was slated for the senate,THE HON CHARLES SMITH MISS SARAH'S BROTHER WAS WALKING SWIFTLY UPTOWN FROM MISTER EASTERLY'S WALL STREET OFFICE AND HIS 
librispeech,librispeech_1995-1837,long,0.0,WER,"He knew the silver fleece, his and Zora's, must be ruined. It was the first great sorrow of his life. It was not so much the loss of the cotton itself, but the fantasy, the hopes, the dreams built around it. Ah, the swamp, the cruel swamp.",HE KNEW THE SILVER FLEECE HIS AND ZORA'S MUST BE RUINED IT WAS THE FIRST GREAT SORROW OF HIS LIFE IT WAS NOT SO MUCH THE
librispeech,librispeech_2094-142345,long,0.0408,WER,"It is a very fine old place of red brick, softened by a pale, powdery lichen, which has dispersed itself with happy irregularity, so as to bring the red brick into terms of friendly companionship with the limestone ornaments surrounding the three gables, the windows, and the doorplace.",IT IS A VERY FINE OLD PLACE OF RED BRICK SOFTENED BY A PALE POWDERY LICHEN WHICH HAS DISPERSED ITSELF WITH HAPPY IRREGUL
librispeech,librispeech_2300-131720,long,0.0435,WER,"The Paris plant, like that at the Crystal Palace, was a temporary exhibit. The London plant was less temporary, but not permanent, supplying, before it was torn out, no fewer than 3,000 lamps in hotels, churches, stores, and dwellings in the vicinity of Holborn Viaduct.",THE PARIS PLANT LIKE THAT AT THE CRYSTAL PALACE WAS A TEMPORARY EXHIBIT THE LONDON PLANT WAS LESS TEMPORARY BUT NOT PERM
librispeech,librispeech_237-126133,long,0.0133,WER,here she would stay comforted and soothed among the lovely plants and rich exotics rejoicing the heart of old turner the gardener who since polly's first rapturous entrance had taken her into his good graces for all time every chance she could steal after practice hours were over and after the clamorous demands of the boys upon her time were fully satisfied was seized to fly on the wings of the wind to the flowers You,HERE SHE WOULD STAY COMFORTED AND SOOTHED AMONG THE LOVELY PLANTS AND RICH EXOTICS REJOICING THE HEART OF OLD TURNER THE
librispeech,librispeech_237-134493,long,0.0377,WER,it is sixteen years since john bergson died his wife now lies beside him and the white shaft that marks their graves gleams across the wheat fields from the norwegian graveyard one looks out over a vast checker-board marked off in squares of wheat and corn light and dark dark and light,IT IS SIXTEEN YEARS SINCE JOHN BERGSON DIED HIS WIFE NOW LIES BESIDE HIM AND THE WHITE SHAFT THAT MARKS THEIR GRAVES GLE
librispeech,librispeech_237-134500,long,0.0,WER,"Frank read English slowly, and the more he read about this divorce case, the angrier he grew. Marie sighed. A brisk wind had come up and was driving puffy white clouds across the sky. The orchard was sparkling and rippling in the sun.",FRANK READ ENGLISH SLOWLY AND THE MORE HE READ ABOUT THIS DIVORCE CASE THE ANGRIER HE GREW MARIE SIGHED A BRISK WIND HAD
librispeech,librispeech_260-123286,long,0.0217,WER,"Saturday, August 15. The sea unbroken all round. No land in sight. The horizon seems extremely distant. All my danger and sufferings were needed to strike a spark of human feeling out of him. But now that I am well, his nature has resumed its sway.",SATURDAY AUGUST FIFTEENTH THE SEA UNBROKEN ALL ROUND NO LAND IN SIGHT THE HORIZON SEEMS EXTREMELY DISTANT ALL MY DANGER 
librispeech,librispeech_260-123288,long,0.0556,WER,"The roarings become lost in the distance. The weather, if we may use the term, will change before long. The atmosphere is charged with vapors, pervaded with the electricity generated by the evaporation of saline waters.",THE ROARINGS BECOME LOST IN THE DISTANCE THE WEATHER IF WE MAY USE THAT TERM WILL CHANGE BEFORE LONG THE ATMOSPHERE IS C
librispeech,librispeech_260-123440,long,0.0,WER,and how odd the directions will look poor alice it was the white rabbit returning splendidly dressed with a pair of white kid gloves in one hand and a large fan in the other he came trotting along in a great hurry muttering to himself as he came oh the duchess the duchess,AND HOW ODD THE DIRECTIONS WILL LOOK POOR ALICE IT WAS THE WHITE RABBIT RETURNING SPLENDIDLY DRESSED WITH A PAIR OF WHIT
librispeech,librispeech_2830-3979,long,0.0,WER,"We want you to help us publish some leading work of Luther's for the general American market. Will you do it? The condition is that I will be permitted to make Luther talk American. Streamline him, so to speak, because you will never get people, whether in or outside the Lutheran church, actually to read Luther unless we make him talk as he would talk today to Americans.",WE WANT YOU TO HELP US PUBLISH SOME LEADING WORK OF LUTHER'S FOR THE GENERAL AMERICAN MARKET WILL YOU DO IT THE CONDITIO
librispeech,librispeech_2830-3980,long,0.0192,WER,"In every way, they sought to undermine the authority of St. Paul. They said to the Galatians, You have no right to think highly of Paul. He was the last to turn to Christ. Paul came later and is beneath us. Indeed, he persecuted the Church of Christ for a long time.",IN EVERY WAY THEY SOUGHT TO UNDERMINE THE AUTHORITY OF SAINT PAUL THEY SAID TO THE GALATIANS YOU HAVE NO RIGHT TO THINK 
librispeech,librispeech_2961-960,long,0.0,WER,he passes abruptly from persons to ideas and numbers and from ideas and numbers to persons from the heavens to man from astronomy to physiology he confuses or rather does not distinguish subject and object first and final causes and is dreaming of geometrical figures lost in a flux of sense,HE PASSES ABRUPTLY FROM PERSONS TO IDEAS AND NUMBERS AND FROM IDEAS AND NUMBERS TO PERSONS FROM THE HEAVENS TO MAN FROM 
librispeech,librispeech_2961-961,very_long,0.0123,WER,socrates begins the timaeus with a summary of the republic and now he desires to see the ideal state set in motion he would like to know how she behaved in some great struggle and therefore to you i turn timaeus citizen of locus who are at once a philosopher and a statesman and to you critias whom all athenians know to be similarly accomplished and to hermocrates who is also fitted by nature and education to share in our discourse,SOCRATES BEGINS THE TIMAEUS WITH A SUMMARY OF THE REPUBLIC AND NOW HE DESIRES TO SEE THE IDEAL STATE SET IN MOTION HE WO
librispeech,librispeech_3570-5694,very_long,0.0213,WER,"But already at a point in economic evolution far ante-dating the emergence of the lady, specialised consumption of goods as an evidence of pecuniary strength had begun to work out in a more or less elaborate system. The utility of consumption as an evidence of wealth is to be classed as a derivative growth. Such consumption as falls to the women is merely incidental to their work. It is a means to their continued labour, and not a consumption directed to their own comfort and fullness of life. With a further advance in culture, this taboo may change into simple custom of a more or less rigorous character, but whatever be the theoretical basis of the distinction which is maintained, whether it be a taboo or a larger conventionality, the features of the conventional scheme of consumption do not change easily.",BUT ALREADY AT A POINT IN ECONOMIC EVOLUTION FAR ANTEDATING THE EMERGENCE OF THE LADY SPECIALISED CONSUMPTION OF GOODS A
librispeech,librispeech_3570-5695,very_long,0.0,WER,"In a general way, though not wholly nor consistently, these two groups coincide. The dependent who was first delegated for these duties was the wife, or the chief wife, and, as would be expected in the later development of the institution, when the number of persons by whom these duties are customarily performed gradually narrows, the wife remains the last. But as we descend the social scale, the point is presently reached, where the duties of vicarious leisure and consumption devolve upon the wife alone. In the communities of the Western culture, this point is at present found among the lower middle class.",IN A GENERAL WAY THOUGH NOT WHOLLY NOR CONSISTENTLY THESE TWO GROUPS COINCIDE THE DEPENDENT WHO WAS FIRST DELEGATED FOR 
librispeech,librispeech_3570-5696,very_long,0.0273,WER,"Under the simple test of effectiveness for advertising, we should expect to find leisure and the conspicuous consumption of goods dividing the field of pecuniary emulation pretty evenly between them at the outset. But the actual course of development has been somewhat different from this ideal scheme. Leisure held the first place at the start and came to hold a rank very much above wasteful consumption of goods, both as a direct exponent of wealth and as an element in the standard of decency during the quasi-peaceful culture. Other circumstances permitting, that instinct disposes men to look with favour upon productive efficiency and on whatever is of human use.",UNDER THE SIMPLE TEST OF EFFECTIVENESS FOR ADVERTISING WE SHOULD EXPECT TO FIND LEISURE AND THE CONSPICUOUS CONSUMPTION 
librispeech,librispeech_3575-170457,very_long,0.0526,WER,"And often has my mother said, while on her lap I laid my head, she feared for time I was not made, but for eternity. Why are we to be denied each other's society? Why are we to be divided? Surely it must be because we're in danger of loving each other too well, of losing sight of the creator and idolatry of the creature. We used to dispute about politics and religion. she a torian clergyman's daughter was always in a minority of one in our house of violent dissent and radicalism",AND OFTEN HAS MY MOTHER SAID WHILE ON HER LAP I LAID MY HEAD SHE FEARED FOR TIME I WAS NOT MADE BUT FOR ETERNITY WHY ARE
librispeech,librispeech_3729-6852,very_long,0.023,WER,"To celebrate the arrival of her son, Sylvia gave a splendid supper to which she had invited all her relatives, and it was a good opportunity for me to make their acquaintance. Without saying it positively, she made me understand that being herself an illustrious member of the Republic of Letters, she was well aware that she was speaking to an insect. In order to please her, I spoke to her of the Abbey Conti, and I had occasion to quote two lines of that profound writer.",TO CELEBRATE THE ARRIVAL OF HER SON SILVIA GAVE A SPLENDID SUPPER TO WHICH SHE HAD INVITED ALL HER RELATIVES AND IT WAS 
librispeech,librispeech_4077-13751,very_long,0.0721,WER,"On the 6th of April, 1830, the Church of Jesus Christ of Latter-day Saints was formally organized and thus took on a legal existence. Its origin was small, a germ, an insignificant seed, hardly to be thought of as likely to arouse opposition. Instead of but six regularly affiliated members, and at most two score of adherents, the organization numbers today many hundred thousand souls. In place of a single hamlet, in the smallest corner of which the members could have congregated, there now are about 70 stakes of Zion and about 700 organized wards, each ward and stake with its full complement of officers and priesthood organizations.",ON THE SIXTH OF APRIL EIGHTEEN THIRTY THE CHURCH OF JESUS CHRIST OF LATTER DAY SAINTS WAS FORMALLY ORGANIZED AND THUS TO
librispeech,librispeech_4077-13754,very_long,0.0,WER,"The army found the people in poverty, and left them in comparative wealth. But a word further concerning the expedition in general. It was through Floyd's advice that Buchanan ordered the military expedition to Utah, ostensibly, to install certain federal officials and to repress an alleged infantile rebellion, which in fact had never come into existence, but in reality to further the interests of the secessionists. Moreover, had the people been inclined to rebellion, what greater opportunity could they have wished?",THE ARMY FOUND THE PEOPLE IN POVERTY AND LEFT THEM IN COMPARATIVE WEALTH BUT A WORD FURTHER CONCERNING THE EXPEDITION IN
librispeech,librispeech_4446-2271,very_long,0.0602,WER,main hall liked alexander because he was an engineer he had preconceived ideas about everything and his idea about americans was that they should be engineers or mechanics it's tremendously well put on too it's been on only two weeks and i've been half a dozen times already do you know alexander main hall looked with perplexity up into the top of the handsome and rubbed his pink cheek with his gloved finger do you know i sometimes think of taking to criticism seriously myself.,MAINHALL LIKED ALEXANDER BECAUSE HE WAS AN ENGINEER HE HAD PRECONCEIVED IDEAS ABOUT EVERYTHING AND HIS IDEA ABOUT AMERIC
librispeech,librispeech_4446-2273,very_long,0.0,WER,"Hilda was very nice to him, and he sat on the edge of his chair, flushed with his conversational efforts, and moving his chin about nervously over his high collar. They asked him to come to see them in Chelsea, and they spoke very tenderly of Hilda. Lamb wouldn't care a great deal about many of them, I fancy. When Bartley arrived at Bedford Square on Sunday evening, Marie, the pretty little French girl, met him at the door and conducted him upstairs. I should never have asked you if Molly had been here, for I remember you don't like English cookery.",HILDA WAS VERY NICE TO HIM AND HE SAT ON THE EDGE OF HIS CHAIR FLUSHED WITH HIS CONVERSATIONAL EFFORTS AND MOVING HIS CH
librispeech,librispeech_4446-2275,very_long,0.0112,WER,"The stop at Queenstown, the tedious passage up the Mercy, were things that he noted dimly through his growing impatience. She blushed and smiled and fumbled his card in her confusion before she ran upstairs. Alexander paced up and down the hallway, buttoning and unbuttoning his overcoat, until she returned and took him up to Hilda's living room. The room was empty when he entered. Alexander did not sit down. I felt it in my bones when I woke this morning that something splendid was going to turn up.",THE STOP AT QUEENSTOWN THE TEDIOUS PASSAGE UP THE MERSEY WERE THINGS THAT HE NOTED DIMLY THROUGH HIS GROWING IMPATIENCE 
librispeech,librispeech_4507-16021,very_long,0.0417,WER,chapter one origin it engenders a whole world la pègre for which read theft and a hell la pègrenne for which read hunger thus idleness is the mother she has a son theft and a daughter hunger what is slang We have never understood this sort of objections.,CHAPTER ONE ORIGIN IT ENGENDERS A WHOLE WORLD LA PEGRE FOR WHICH READ THEFT AND A HELL LA PEGRENNE FOR WHICH READ HUNGER
librispeech,librispeech_4970-29093,very_long,0.027,WER,you'll never dig it out of the astor library to the young american here or elsewhere the paths to fortune are innumerable and all open there is invitation in the air and success in all his wide horizon he has no traditions to bind him or guide him and his impulse is to break away from the occupation his father has followed and make a new way for himself the modest fellow would have liked fame thrust upon him for some worthy achievement it might be for a book or for the skilful management of some great newspaper or for some daring expedition like that of lieutenant strain or dr,YOU'LL NEVER DIG IT OUT OF THE ASTOR LIBRARY TO THE YOUNG AMERICAN HERE OR ELSEWHERE THE PATHS TO FORTUNE ARE INNUMERABL
librispeech,librispeech_4970-29095,very_long,0.0,WER,she was tired of other things she tried this morning an air or two upon the piano sang a simple song in a sweet but slightly metallic voice and then seating herself by the open window read philip's letter well mother said the young student looking up with a shade of impatience i hope thee told the elders that father and i are responsible for the piano and that much as thee loves music thee is never in the room when it is played,SHE WAS TIRED OF OTHER THINGS SHE TRIED THIS MORNING AN AIR OR TWO UPON THE PIANO SANG A SIMPLE SONG IN A SWEET BUT SLIG
librispeech,librispeech_4992-23283,very_long,0.0211,WER,but the more forgetfulness had then prevailed the more powerful was the force of remembrance when she awoke miss milner's health is not good said mrs horton a few minutes after so there is to me added sanford with a sarcastic sneer and yet you must own her behaviour has warranted them has it not been in this particular incoherent and unaccountable not that i know of not one more that i know of he replied with astonishment at what she had insinuated and yet with a perfect assurance that she was in the wrong,BUT THE MORE FORGETFULNESS HAD THEN PREVAILED THE MORE POWERFUL WAS THE FORCE OF REMEMBRANCE WHEN SHE AWOKE MISS MILNER'
librispeech,librispeech_4992-41797,very_long,0.1474,WER,yes dead these four years and a good job for her too well as i say it's an awful queer world they clap all the burglars in jail and the murderers and the wife beaters i allers thought a gentle reproof would be enough punishment for a wife beater cause he probably has a lot of provocation that nobody knows and the firebugs can't think of the right name something like cendiaries and the breakers of the peace and what-not and yet the law has nothing to say to a man like han lord,YES DEAD THESE FOUR YEARS AN A GOOD JOB FOR HER TOO WELL AS I SAY IT'S AN AWFUL QUEER WORLD THEY CLAP ALL THE BURGLARS I
librispeech,librispeech_4992-41806,very_long,0.1034,WER,"Natty Harmon tried the kitchen pump secretly several times during the evening, for the water had to run uphill all the way from the well to the kitchen sink, and he believed this to be a continual miracle that might give out at any moment. Tonight there was no need of extra heat, and there were great ceremonies to be observed in lighting the fires on the hearthstones. they began with the one in the family sitting-room colonel wheeler ralph thurston mr and mrs bill harmon with natty and ruffis mr and mrs popham with digby and lally joy all standing in admiring groups and thrilling with delight at the order of events",NATTY HARMON TRIED THE KITCHEN PUMP SECRETLY SEVERAL TIMES DURING THE EVENING FOR THE WATER HAD TO RUN UP HILL ALL THE W
librispeech,librispeech_5105-28233,very_long,0.0112,WER,"Length of service? Fourteen years, three months, and five days. He seemed born to please without being conscious of the power he possessed. It must be owned, and no one was more ready to confess it than himself, that his literary attainments were by no means of a high order. We don't spin tops, is a favorite saying amongst artillery officers, indicating that they do not shirk their duty by frivolous pursuits. But it must be confessed that Cervodac, being naturally idle, was very much given to spinning tops.",LENGTH OF SERVICE FOURTEEN YEARS THREE MONTHS AND FIVE DAYS HE SEEMED BORN TO PLEASE WITHOUT BEING CONSCIOUS OF THE POWE
librispeech,librispeech_5105-28240,very_long,0.0345,WER,fast as his legs could carry him servidac had made his way to the top of the cliff it was quite true that a vessel was in sight hardly more than six miles from the shore but owing to the increase in the earth's convexity and the consequent limitation of the range of vision the rigging of the topmasts alone was visible above the water exclaimed servidac keeping his eye unmoved at his telescope she is under sail but she is count timoshef's yacht he was right,FAST AS HIS LEGS COULD CARRY HIM SERVADAC HAD MADE HIS WAY TO THE TOP OF THE CLIFF IT WAS QUITE TRUE THAT A VESSEL WAS I
librispeech,librispeech_5105-28241,very_long,0.0273,WER,her sea-going qualities were excellent and would have amply sufficed for a circumnavigation of the globe after an apprenticeship on a merchant ship he had entered the imperial navy and had already reached the rank of lieutenant when the count appointed him to the charge of his own private yacht in which he was accustomed to spend by far the greater part of his time throughout the winter generally cruising in the mediterranean whilst in the summer he visited more northern waters the late astounding events however had rendered prokope manifestly uneasy and not the less so from his consciousness that the count secretly partook of his own anxiety,HER SEA GOING QUALITIES WERE EXCELLENT AND WOULD HAVE AMPLY SUFFICED FOR A CIRCUMNAVIGATION OF THE GLOBE AFTER AN APPREN
librispeech,librispeech_5142-33396,very_long,0.0102,WER,at another time harold asked what is your country olaf have you always been a thrall the thrall's eyes flashed two hundred warriors feasted in his hall and followed him to battle the rest of you off a viking he had three ships these he gave to three of my brothers but i stayed that spring and built me a boat i made her for only twenty oars because i thought few men would follow me for i was young fifteen years old at the prow i carved the head with open mouth and forked tongue thrust out,AT ANOTHER TIME HARALD ASKED WHAT IS YOUR COUNTRY OLAF HAVE YOU ALWAYS BEEN A THRALL THE THRALL'S EYES FLASHED TWO HUNDR
librispeech,librispeech_5142-36377,very_long,0.0179,WER,it was one of the masterly and charming stories of dumas the elder in five minutes i was in a new world and my melancholy room was full of the liveliest french company the sound of an imperative and uncompromising bell recalled me in due time to the regions of reality ambrose met me at the bottom of the stairs and showed me the way to the supper-room she signed to me with a ghostly solemnity to take the vacant place on the left of her father the door opened again while i was still studying the two brothers without i honestly confess being very favorably impressed by either of them,IT WAS ONE OF THE MASTERLY AND CHARMING STORIES OF DUMAS THE ELDER IN FIVE MINUTES I WAS IN A NEW WORLD AND MY MELANCHOL
librispeech,librispeech_5639-40744,very_long,0.0377,WER,"Eleven o'clock had struck. It was a fine, clear night. They were the only persons on the road, and they sauntered leisurely along, to avoid paying the price of fatigue for the recreation provided for the Toledans in the valley or on the banks of their river. Secure, as he thought, in the careful administration of justice in that city and the character of its well-disposed inhabitants, the good Hidalgo was far from thinking that any disaster could befall his family. Rodolfo and his companions, with their faces muffled in their cloaks, stared rudely and insolently at the mother, the daughter, and the servant maid.",ELEVEN O'CLOCK HAD STRUCK IT WAS A FINE CLEAR NIGHT THEY WERE THE ONLY PERSONS ON THE ROAD AND THEY SAUNTERED LEISURELY 
librispeech,librispeech_5683-32865,very_long,0.0476,WER,you know captain lake said lord shelford addressing me he had his hand upon lake's shoulder they are cousins you know we are all cousins whatever lord shelford said miss brandon received it very graciously and even with a momentary smile but her greeting to captain leake was more than usually haughty and frozen and her features i fancied particularly proud and pale,YOU KNOW CAPTAIN LAKE SAID LORD CHELFORD ADDRESSING ME HE HAD HIS HAND UPON LAKE'S SHOULDER THEY ARE COUSINS YOU KNOW WE
librispeech,librispeech_5683-32866,very_long,0.0833,WER,"Miss Lake declined the carriage to-night, and he added something still less complimentary. But don't these very wise things sometimes turn out very foolishly? In the meantime, I had formed a new idea of her. By this time, Lord Chalford and Wilder returned, and, disgusted, rather, with myself, I ruminated on my want of generalship. and he made a little dip of his cane towards Brandon Hall over his shoulder.",MISS LAKE DECLINED THE CARRIAGE TO NIGHT AND HE ADDED SOMETHING STILL LESS COMPLIMENTARY BUT DON'T THESE VERY WISE THING
librispeech,librispeech_5683-32879,very_long,0.0114,WER,"It was not very much past eleven that morning when the pony carriage from Brandon drew up before the little garden wicket of Redmond's farm. Well, she was better, though she had had a bad night. So there came a step and a little rustling of feminine draperies. The small door opened and Rachel entered, with her hand extended and a pale smile of welcome. Women can hide their pain better than we men, and bear it better, too. except when shame drops fire into the dreadful chalice.",IT WAS NOT VERY MUCH PAST ELEVEN THAT MORNING WHEN THE PONY CARRIAGE FROM BRANDON DREW UP BEFORE THE LITTLE GARDEN WICKE
librispeech,librispeech_61-70968,very_long,0.0,WER,"He began a confused complaint against the wizard, who had vanished behind the curtain on the left. Give not so earnest a mind to these mummeries, child, a golden fortune and a happy life. He was like unto my father, in a way, and yet was not my father. Also, there was a stripling page who turned into a maid. This was so sweet a lady, sir, and in some manner I do think she died. But then the picture was gone as quickly as it came.",HE BEGAN A CONFUSED COMPLAINT AGAINST THE WIZARD WHO HAD VANISHED BEHIND THE CURTAIN ON THE LEFT GIVE NOT SO EARNEST A M
librispeech,librispeech_61-70970,very_long,0.0521,WER,young fitzuth had been commanded to his mother's chamber so soon as he had come out from his converse with the squire there befell an anxious interview mistress fitzuth arguing for and against the squire's project in a breath most of all robin thought of his father what would he counsel if for whim you beggar yourself i cannot stay you but take it whilst i live and wear montfiche's shield in the days when my eyes can be rejoiced by so brave a sight for you will ne'er disgrace our stuchin i warrant me,YOUNG FITZOOTH HAD BEEN COMMANDED TO HIS MOTHER'S CHAMBER SO SOON AS HE HAD COME OUT FROM HIS CONVERSE WITH THE SQUIRE T
librispeech,librispeech_672-122797,very_long,0.0482,WER,"Out in the woods stood a nice little fir-tree. The place he had was a very good one. The sun shone on him. As to fresh air, there was enough of that. And round him grew many large-sized comrades, pines as well as firs. He did not think of the warm sun and of the fresh air. He did not care for the little cottage children that ran about and prattled when they were in the woods looking for wild strawberries.",OUT IN THE WOODS STOOD A NICE LITTLE FIR TREE THE PLACE HE HAD WAS A VERY GOOD ONE THE SUN SHONE ON HIM AS TO FRESH AIR 
librispeech,librispeech_6829-68769,very_long,0.044,WER,"Kenneth and Beth refrained from telling the other girls or Uncle John of old Will Rogers' visit, but they got Mr. Watson in the library and questioned him closely about the penalty for forging a check. It was a serious crime indeed, Mr. Watson told them, and Tom Gates bade fair to serve a lengthy term in the state's prison as a consequence of his rash act. I can't see it in that light, said the old lawyer. It was a deliberate theft from his employers to protect a girl he loved.",KENNETH AND BETH REFRAINED FROM TELLING THE OTHER GIRLS OR UNCLE JOHN OF OLD WILL ROGERS'S VISIT BUT THEY GOT MISTER WAT
librispeech,librispeech_6829-68771,extra_long,0.0573,WER,"So, to the surprise of the Democratic Committee and all his friends, Mr. Hopkins announced that he would oppose Forbes' aggressive campaign with an equal aggressiveness, and spend as many dollars in doing so as might be necessary. One of Mr. Hopkins' first tasks, after calling his faithful henchmen around him, was to make a careful canvas of the voters of his district to see what was still to be accomplished. The weak-kneed contingency must be strengthened and fortified, and a couple of hundred votes in one way or the other secured from the opposition. The Democratic Committee figured out a way to do this. Under ordinary conditions, Reynolds was sure to be elected, but the committee proposed to sacrifice him in order to elect Hopkins. The only thing necessary was to fix Seth Reynolds, and this Hopkins arranged personally. And this was why Kenneth and Beth discovered him conversing with the young woman in the buggy.",SO TO THE SURPRISE OF THE DEMOCRATIC COMMITTEE AND ALL HIS FRIENDS MISTER HOPKINS ANNOUNCED THAT HE WOULD OPPOSE FORBES'
librispeech,librispeech_6930-75918,extra_long,0.0053,WER,concord returned to its place amidst the tents the english forwarded to the french baskets of flowers of which they had made a plentiful provision to greet the arrival of the young princess the french in return invited the english to a supper which was to be given the next day congratulations were poured in upon the princess everywhere during her journey from the respect paid her on all sides she seemed like a queen and from the adoration with which she was treated by two or three she appeared an object of worship the queen mother gave the french the most affectionate reception france was her native country and she had suffered too much unhappiness in england for england to have made her forget france she taught her daughter then by her own affection for it that love for a country where they had both been hospitably received and where a brilliant future opened for them the count had thrown himself back on his seat leaning his shoulders against the partition of the tent and remained thus his face buried in his hands with heaving chest and restless limbs,CONCORD RETURNED TO ITS PLACE AMIDST THE TENTS THE ENGLISH FORWARDED TO THE FRENCH BASKETS OF FLOWERS OF WHICH THEY HAD 
librispeech,librispeech_6930-76324,extra_long,0.0319,WER,"goliath makes another discovery they were certainly no near the solution of their problem the poor little things cried cynthia think of them having been turned to the wall all these years now what is the sense of it two innocent babies like that but joyce had not been listening all at once she put down her candle on the table and faced her companion The twin brother did something she didn't like, and she turned his picture to the wall. Hers happened to be on the same frame, too, but she evidently didn't care about it. Now what have you to say, Cynthia Sprague? I thought we were stumped again when I first saw that picture, but it's been of some use after all. Do you suppose the miniature was a copy of the same thing? What in the world is it? queried Joyce. They worry me terribly, and besides, I'd like to see what this lovely furniture looks like without such quantities of dust all over it. Good scheme, Sin. We'll come in here this afternoon with old clothes on and have a regular house cleaning.",GOLIATH MAKES ANOTHER DISCOVERY THEY WERE CERTAINLY NO NEARER THE SOLUTION OF THEIR PROBLEM THE POOR LITTLE THINGS CRIED
librispeech,librispeech_6930-81414,extra_long,0.0068,WER,no words were spoken no language was uttered save that of wailing and hissing and that somehow was indistinct as if it existed in fancy and not in reality i heard a noise behind i turned and saw kaffir his black eyes shining while in his hand he held a gleaming knife he lifted it above his head as if to strike but i had the strength of ten men and i hurled him from me onward said a distant voice no sound broke the stillness of the night the story of its evil influence came back to me and in my bewildered condition i wondered whether there was not some truth in what had been said what was that what then a human hand large and shapely appeared distinctly on the surface of the pond nothing more not even the wrist to which it might be attached,NO WORDS WERE SPOKEN NO LANGUAGE WAS UTTERED SAVE THAT OF WAILING AND HISSING AND THAT SOMEHOW WAS INDISTINCT AS IF IT E
librispeech,librispeech_7021-79730,extra_long,0.049,WER,"The Three Modes of Management To suppose that the object of this work is to aid in effecting such a substitution as that is entirely to mistake its nature and design by reason and affection. As the chase drives away, Mary stands bewildered and perplexed on the doorstep, her mind in a tumult of excitement in which hatred of the doctor, distrust, and suspicion of her mother, disappointment, vexation, and ill-humor surge and swell among those delicate organizations on which the structure and development of the soul so closely depend, doing perhaps an irreparable injury. The mother, as soon as the chase is so far turned that Mary can no longer watch the expression of her countenance, goes away from the door with a smile of complacency and satisfaction on her face at the ingenuity and success of her little artifice.",THE THREE MODES OF MANAGEMENT TO SUPPOSE THAT THE OBJECT OF THIS WORK IS TO AID IN EFFECTING SUCH A SUBSTITUTION AS THAT
librispeech,librispeech_7021-79740,extra_long,0.0056,WER,"To such persons, these indirect modes of training children in habits of subordination to their will, or rather of yielding to their influence, are specially useful. Della had a young sister named Maria, and a cousin whose name was Jane. Now, Delia contrived to obtain a great influence and ascendancy over the minds of the children by means of these dolls. To give an idea of these conversations, I will report one of them in full. You have come, Andella, Andella was the name of Jane's doll, to make Rosalie a visit. I am very glad. I expect you have been a very good girl, Andella, since you were here last. Then, turning to Jane, she asked, in a somewhat altered tone, Has she been a good girl, Jane? For instance, one day the children had been playing upon the piazza with blocks and other playthings, and finally had gone into the house, leaving all the things on the floor of the piazza instead of putting them away in their places, as they ought to have done.",TO SUCH PERSONS THESE INDIRECT MODES OF TRAINING CHILDREN IN HABITS OF SUBORDINATION TO THEIR WILL OR RATHER OF YIELDING
librispeech,librispeech_7021-85628,extra_long,0.026,WER,"But Anders cared nothing about that. He made a bow so deep that his back came near breaking. And he was dumbfounded, I can tell you, when he saw it was nobody but Anders. He was such a big boy that he wore high boots and carried a jackknife. Now, this knife was a splendid one, though half the blade was gone, and the handle was a little cracked and Anders knew that one is almost a man as soon as one has a jackknife. Yes, why not, thought Anders. Seeing that I am so fine, I may as well go and visit the king. I am going to the court ball, answered Anders. And she took Anders' hand and walked with him up the broad marble stairs, where soldiers were posted at every third step, and through the magnificent halls where courtiers in silk and velvet stood bowing wherever he went.",BUT ANDERS CARED NOTHING ABOUT THAT HE MADE A BOW SO DEEP THAT HIS BACK CAME NEAR BREAKING AND HE WAS DUMBFOUNDED I CAN 
librispeech,librispeech_7127-75946,extra_long,0.0231,WER,"At the conclusion of the banquet, which was served at five o'clock, the king entered his cabinet, where his tailors were awaiting him for the purpose of trying on the celebrated costume representing spring, which was the result of so much imagination, and had cost so many efforts of thought to the designers and ornament workers of the court. Ah, very well. Let him come in, then, said the king, and as if Colbert had been listening at the door for the purpose of keeping himself au courant with the conversation, he entered as soon as the king had pronounced his name to the two courtiers. Gentlemen, do your posts, whereupon Saint-Aignan and Villeroy took their leave. Certainly, sire, but I must have money to do that. What? What do you mean, inquired Louise? He has given them with too much grace not to have others still to give, if they are required, which is the case at the present moment. It is necessary, therefore, that he should comply. The king frowned.",AT THE CONCLUSION OF THE BANQUET WHICH WAS SERVED AT FIVE O'CLOCK THE KING ENTERED HIS CABINET WHERE HIS TAILORS WERE AW
librispeech,librispeech_7127-75947,extra_long,0.0169,WER,everyone could observe his agitation and prostration a prostration which was indeed the more remarkable since people were not accustomed to see him with his arms hanging listlessly by his side his head bewildered and his eyes with all their bright intelligence bedimmed upon this madame deigned to turn her eyes languishingly towards the comte observing do you think so she replied with indifference yes the character which your royal highness assumed is in perfect harmony with your own explain yourself i allude to the goddess the princess inquired no she then rose humming the air to which she was presently going to dance the arrow pierced his heart and wounded him mortally a quarter of an hour afterwards he returned to the theatre but it will be readily believed that it was only a powerful effort of reason over his great excitement that enabled him to go back or perhaps for love is thus strangely constituted he found it impossible even to remain much longer separated from the presence of one who had broken his heart,EVERY ONE COULD OBSERVE HIS AGITATION AND PROSTRATION A PROSTRATION WHICH WAS INDEED THE MORE REMARKABLE SINCE PEOPLE WE
librispeech,librispeech_7176-88083,extra_long,0.0266,WER,"All about him was a tumult of bright and broken color, scattered in broad splashes. The merganser had a crested head of iridescent green-black, a broad collar of lustrous white, black back, black and white wings, white belly, sides finely penciled in black and white, and a breast of rich chestnut red streaked with black. His feet were red, his long, narrow beak, with its saw-toothed edges and sharp hooked tip, was bright red. But here he was at a terrible disadvantage as compared with the owls, hawks, and eagles. He had no rending claws. But suddenly, straight and swift as a diving cormorant, he shot down into the torrent and disappeared beneath the surface. Once fairly a wing, however, he wheeled and made back hurriedly for his perch. It might have seemed that a trout of this size was a fairly substantial meal, but such was his keenness that even while the wide flukes of his engorged victim were still sticking out at the corners of his beak, his fierce red eyes were once more peering downward into the torrent in search of fresh prey.",ALL ABOUT HIM WAS A TUMULT OF BRIGHT AND BROKEN COLOR SCATTERED IN BROAD SPLASHES THE MERGANSER HAD A CRESTED HEAD OF IR
librispeech,librispeech_7176-92135,extra_long,0.0333,WER,"He is a welcome figure at the garden parties of the elect, who are always ready to encourage him by accepting free seats for his play. Actor-managers nod to him, editors allow him to contribute, without charge, to a symposium on the price of golf balls. In short, he becomes a prominent figure in London society, and, if he is not careful, somebody will say so. But even the unsuccessful dramatist has his moments. your play must be not merely a good play but a successful one frankly i cannot always say but suppose you said i'm fond of writing my people always say my letters home are good enough for punch i've got a little idea for a play about a man and a woman and another woman and but perhaps i better keep the plot a secret for the moment anyhow it's jolly exciting and i can do the dialogue alright. Lend me your ear for 10 minutes and you shall learn just what stagecraft is. And I should begin with a short homily on soliloquy.",HE IS A WELCOME FIGURE AT THE GARDEN PARTIES OF THE ELECT WHO ARE ALWAYS READY TO ENCOURAGE HIM BY ACCEPTING FREE SEATS 
librispeech,librispeech_7729-102255,extra_long,0.0741,WER,the bogus legislature numbered 36 members this was at the march election 1855 that summer's immigration however being mainly from the free states greatly changed the relative strengths of the two parties for general service therefore requiring no special effort the numerical strength of the factions was about equal while on extraordinary occasions the 2000 border ruffian reserve lying a little farther back from the state line could at any time easily turn the scale the free state men had only their convictions their intelligence their courage and the moral support of the north the conspiracy had its secret combination the territorial officials the legislature the bogus laws the courts the militia officers the president and the army This was a formable array of advantages. Slavery was playing with loaded dice.,THE BOGUS LEGISLATURE NUMBERED THIRTY SIX MEMBERS THIS WAS AT THE MARCH ELECTION EIGHTEEN FIFTY FIVE THAT SUMMER'S EMIGR
librispeech,librispeech_8224-274381,extra_long,0.008,WER,"Though thrown into prison for this enterprise and detained some time, he was not discouraged, but still continued by his countenance and protection to infuse spirit into the distressed royalists. Among other persons of distinction who united themselves to him was Lord Napier of Murchiston, son of the famous inventor of the logarithms, the person to whom the title of a great man is more justly due than to any other whom his country ever produced. While the former foretold that the Scottish Covenanters were secretly forming a union with the English Parliament, and inculcated the necessity of preventing them by some vigorous undertaking the latter still insisted that every such attempt would precipitate them into measures to which otherwise they were not perhaps inclined",THOUGH THROWN INTO PRISON FOR THIS ENTERPRISE AND DETAINED SOME TIME HE WAS NOT DISCOURAGED BUT STILL CONTINUED BY HIS C
librispeech,librispeech_8224-274384,extra_long,0.0429,WER,"He passed through Henley, St Albans, and came so near to London as Harrow-on-the-Hill. The Scottish generals and commissioners affected great surprise on the appearance of the king, and though they paid him all the exterior respect due to his dignity, they instantly set a guard upon him under colour of protection, and made him in reality a prisoner. They informed the English Parliament of this unexpected incident, and assured them that they had entered into no private treaty with the king. Or hath he given us any gift? And the men of Israel answered the men of Judah, and said, We have ten parts in the king, and we have also more right in David than ye. Why then did ye despise us, that our advice should not be first had in bringing back our king?",HE PASSED THROUGH HENLEY SAINT ALBANS AND CAME SO NEAR TO LONDON AS HARROW ON THE HILL THE SCOTTISH GENERALS AND COMMISS
librispeech,librispeech_8230-279154,extra_long,0.0072,WER,"The analysis of knowledge will occupy us until the end of the thirteenth lecture, and is the most difficult part of our whole enterprise. What is called perception differs from sensation by the fact that the sensational ingredients bring up habitual associates, images and expectations of their usual correlates, all of which are subjectively indistinguishable from the sensation. Whether or not this principle is liable to exceptions, everyone would agree that it has a broad measure of truth, though the word exactly might seem an overstatement, and it might seem more correct to say that ideas approximately represent impressions. And what sort of evidence is logically possible? There is no logical impossibility in the hypothesis that the world sprang into being five minutes ago, exactly as it then was, with a population that remembered a wholly unreal past.",THE ANALYSIS OF KNOWLEDGE WILL OCCUPY US UNTIL THE END OF THE THIRTEENTH LECTURE AND IS THE MOST DIFFICULT PART OF OUR W
aishell1,aishell1_S0002_01,long,0.0575,CER,而对面楼市成交意志作用最大的限购也成为地方政府的眼中钉自六月底呼和号特市率先宣布取消限购后,而对楼市成交抑制作用最大的限购也成为地方政府的眼中钉自六月底呼和浩特市率先宣布取消限购后
aishell1,aishell1_S0003_01,long,0.0079,CER,"这些高净值人士都是上述房企海外项目的潜在客群,多家在海外开发项目的房企负责人也表示,他们项目锁定的主要客户群就是由海外置业需求的华人。",这些高净值人士都是上述房企海外项目的潜在客群多家在海外开发项目的房企负责人也表示他们项目锁定的主要客户群就是有海外置业需求的华人
aishell1,aishell1_S0004_01,long,0.0,CER,不排除购房者可以在互联网上下单行业集中度加速提高资本市场收购案例急剧增长房地产行业也正在以加倍的速度兼并重组,不排除购房者可以在互联网上下单行业集中度加速提高资本市场收购案例急剧增长房地产行业也正在以加倍的速度兼并重组
aishell1,aishell1_S0005_01,long,0.0297,CER,十一年后就是十五万亿元即使销售面积不增加碰到天花板还有一倍的市场空间俞亮说相信白银时代依然是贵金属的时代,十年后就是十五万亿元即使销售面积不增加碰到天花板还有一倍的市场空间郁亮说相信白银时代依然是贵金属的时代
aishell1,aishell1_S0006_01,long,0.3333,CER,"同比增长22.6%,增速比上年末高7.9个百分点,个人购房贷款余额11.52万亿元,同比增长17.5%。",同比增长百分之二十二点六增速比上年末高七点九个百分点个人购房贷款馀额十一点五二万亿元同比增长百分之十七点五
aishell1,aishell1_S0007_01,long,0.0381,CER,对于长袖上午的上市公司而言加码金融投资获得不菲回报也成为了热门选择新湖中宝季去年入股温州银行抢时金改红利后,对于长袖善舞的上市公司而言加码金融投资获得不菲回报也成为了热门选择新湖中宝继去年入股温州银行抢食金改红利后
aishell1,aishell1_S0008_01,long,0.0515,CER,尤其对于一二线重点城市而言在2014年年底已出现房价值跌反弹的迹象这会使得市场预期得到进一步的改变,尤其对于一二线重点城市而言在二零一四年年底已出现房价止跌反弹的迹象这会使得市场预期得到进一步的改变
aishell1,aishell1_S0009_01,long,0.0353,CER,产业标杆全线升级优势互补出了标杆产品的推出保隆在相关城市综合体的配套产业上同样稳步推进,产业标杆全线升级优势互补除了标杆产品的推出宝龙在相关城市综合体的配套产业上同样稳步推进
aishell1,aishell1_S0010_01,long,0.0,CER,高周转就是牺牲利润一些企业开始转而做高利润率与当初土地价格持平如果再计算其他基础费用项目去年入市后销售速度很慢,高周转就是牺牲利润一些企业开始转而做高利润率与当初土地价格持平如果再计算其他基础费用项目去年入市后销售速度很慢
aishell1,aishell1_S0011_01,long,0.0,CER,由此导致九龙仓趁机成为绿城第二大股东宋卫平的绿城和孙宏斌的融创之间的收购和反收购风波绿城项目的规划设计水平很高,由此导致九龙仓趁机成为绿城第二大股东宋卫平的绿城和孙宏斌的融创之间的收购和反收购风波绿城项目的规划设计水平很高
aishell1,aishell1_S0012_01,long,0.0531,CER,"你还囤着车库、商铺慢慢卖吗?恒大都卖米了,你还只雇着卖房吗?包括食物安置和货币安置计划。因应地质疑,确定城市棚户区改造安置方式。",你还囤着车库商铺慢慢卖吗恒大都卖米了你还只顾着卖房吗包括实物安置和货币安置计划应因地制宜确定城市棚户区改造安置方式
aishell1,aishell1_S0013_01,long,0.0632,CER,调控也逐渐淡出了政府的决议内容2015年6月浙江住宅销售价格快速回升6月浙江住宅销售价格快速回升,调控也逐渐淡出了政府的决议内容二零一五年六月浙江住宅销售价格快速回升六月浙江住宅销售价格快速回升
aishell1,aishell1_S0014_01,long,0.0667,CER,折合楼面价3.8万元每平方米一举刷新北京总地价记录这是市场对于未来的良好预期,折合楼面价三点八万元每平方米一举刷新北京总地价纪录这是市场对于未来的良好预期
aishell1,aishell1_S0015_01,long,0.045,CER,尽管中国政府在上个月推出了拯救楼市的一篮子计划但大部分地产商仍对未来缺乏信心纷纷调低2015年销售业绩的增长目标,尽管中国政府在上个月推出了拯救楼市的一揽子计划但大部分地产商仍对未来缺乏信心纷纷调低二零一五年销售业绩的增长目标
aishell1,aishell1_S0016_01,long,0.0123,CER,而在经营上采取轻资产重运营的策略这都是起运营效率高于传统公司如果互联网营销经营得当,而在经营上采取轻资产重运营的策略这都是其运营效率高于传统公司如果互联网营销经营得当
aishell1,aishell1_S0017_01,long,0.0,CER,不少平台笼络的不过是马路游击队纠纷很多却无力解决一些自营公司也难免将订单转包给加盟工队质量控制难免存在问题,不少平台笼络的不过是马路游击队纠纷很多却无力解决一些自营公司也难免将订单转包给加盟工队质量控制难免存在问题
aishell1,aishell1_S0018_01,long,0.0374,CER,特别是全国性的地产巨头万科绿地最近一两年与互联网金融的接触更为频繁与平安号防网联手推出一款互联网金融累查产品,特别是全国性的地产巨头万科绿地最近一两年与互联网金融的接触更为频繁与平安好房网联手推出一款互联网金融理财产品
aishell1,aishell1_S0019_01,long,0.0187,CER,拆除微旧住房9万套拉动了新疆兵团经济发展提高了新疆兵团的凝聚力向心力通过棚户区改造房屋征收连队转型发展等工作,拆除危旧住房九万套拉动了新疆兵团经济发展提高了新疆兵团的凝聚力向心力通过棚户区改造房屋征收连队转型发展等工作
aishell1,aishell1_S0020_01,long,0.1053,CER,上海中原地产研究总监宋慧雍成就在11月21日央行突然宣布降息后11月下半月成交出现戏剧性的一幕,上海中原地产研究总监宋会雍称就在十一月二十一日央行突然宣布降息后十一月下半月成交出现戏剧性的一幕
aishell1,aishell1_S0021_01,long,0.0297,CER,"从目前的土地市场看,房企拿地热情依然高涨,高溢价率土地频频入市,如2月16日在武汉市土地市场的节前收官之战中。",从目前的土地市场看房企拿地热情依然高涨高溢价率土地频频入市如二月十六日在武汉市土地市场的节前收官之战中
aishell1,aishell1_S0022_01,long,0.0916,CER,突如其来的降息让不少人联想起上次中兴网重庆1月15日电租金下行风险将增大2014年第四季度重庆写字楼市场有逾32万平方米的新增供应,突如其来的降息让不少人联想起上次中新网重庆一月十五日电租金下行风险将增大二零一四年第四季度重庆写字楼市场有逾三十二万平方米的新增供应
aishell1,aishell1_S0023_01,long,0.191,CER,23家全国品牌企业市场份额已达到20.31%品牌企业越来越注重全产业链价值的深度挂掘,二十三家全国品牌企业市场份额已达到百分之二十点三一品牌企业越来越注重全产业链价值的深度挖掘
aishell1,aishell1_S0024_01,long,0.0165,CER,16庄地块成交的信息公布后售楼处咨询电话就没断过相比新成交的热门地块和周边其他在售项目随着成交地块逐渐进入开发阶段售卖阶段,石榴庄地块成交的信息公布后售楼处咨询电话就没断过相比新成交的热门地块和周边其他在售项目随着成交地块逐渐进入开发阶段售卖阶段
aishell1,aishell1_S0025_01,long,0.0,CER,黑暗之心一月份全国各城市商品房住宅成交量普遍下滑楼市成交量环比回落土地市场却在明显升温,黑暗之心一月份全国各城市商品房住宅成交量普遍下滑楼市成交量环比回落土地市场却在明显升温
aishell1,aishell1_S0026_01,long,0.1705,CER,这预示着房企对后市的预期正在逐步转向乐观2015年的市场会比2014年好预计交易量会有5%的增长房价平均涨幅可能在5%左右,这预示着房企对后市的预期正在逐步转向乐观二零一五年的市场会比二零一四年好预计交易量会有百分之五的增长房价平均涨幅可能在百分之五左右
aishell1,aishell1_S0027_01,long,0.012,CER,一二线城市已成为房企主要阵地随着信贷及调控政策的进一步放松房企将调整策略加大拿的步伐,一二线城市已成为房企主要阵地随着信贷及调控政策的进一步放松房企将调整策略加大拿地步伐
aishell1,aishell1_S0028_01,long,0.0123,CER,万科说的最多的是转型创新万科在学习互联网思维在讲白银时代的故事在推进事业合伙人等等,万科说得最多的是转型创新万科在学习互联网思维在讲白银时代的故事在推进事业合伙人等等
aishell1,aishell1_S0029_01,long,0.0826,CER,"这两位一度惺惺相惜,好兄弟似的大佬深化了三年来的合作关系从2014年10月底宋卫平开始释放回归意愿荣率之争夹杂着前所未有的关注",这两位一度惺惺相惜好兄弟式的大佬深化了三年来的合作关系从二零一四年十月底宋卫平开始释放回归意愿融绿之争夹杂着前所未有的关注
aishell1,aishell1_S0030_01,long,0.0495,CER,去年8月搜索网提出向房产交易平台转型链家宣布停止与搜索网的合作《新京报》记者侯少青社在最终导致他们灭绝之前,去年八月搜房网提出向房产交易平台转型链家宣布停止与搜房网的合作新京报记者侯少卿摄在最终导致他们灭绝之前
aishell1,aishell1_S0031_01,long,0.0084,CER,"线下的中介公司如链家地产,我爱我家等都在布局线上而以搜访网为代表的线上公司则在布局线下各家公司都力图打通线上与线下交易环节",线下的中介公司如链家地产我爱我家等都在布局线上而以搜房网为代表的线上公司则在布局线下各家公司都力图打通线上与线下交易环节
aishell1,aishell1_S0032_01,very_long,0.0282,CER,甄园占比分额更高达六成以上北京千万级豪宅平均每售出九套就有六套来自甄园即使在全国楼盘销售排行中甄园也居于前三名之列北京将会有一大批高端项目入市也让业内看见了未来两年北京商品住宅高端化的趋势而融创农长管地块的高价取证,臻园占比份额更高达六成以上北京千万级豪宅平均每售出九套就有六套来自臻园即使在全国楼盘销售排行中臻园也居于前三名之列北京将会有一大批高端项目入市也让业内看见了未来两年北京商品住宅高端化的趋势而融创农展馆地块的高价取证
aishell1,aishell1_S0033_01,very_long,0.1229,CER,全国销售金额超过52亿元2014年占销售总额的20.3%迅龙高手二龙头房企开辟新开地图龙头房企的多元化步伐纷纷加快恒大开始卖粮卖油卖矿泉水卖婴幼儿奶粉动画片迅龙高手二不负期待,全年销售金额超过五十二亿元二零一四年占销售总额的百分之二十点三驯龙高手二龙头房企开辟新开地图龙头房企的多元化步伐纷纷加快恒大开始卖粮卖油卖矿泉水卖婴幼儿奶粉动画片驯龙高手二不负期待
aishell1,aishell1_S0034_01,very_long,0.137,CER,绿地的海外拓展最为凶猛2014年绿地集团海外收入达到153亿元较上年大幅增加400%较上年大增500%绿地海外投资总额新增约100亿美元力争在量至两个层面均能实现突破包括顺应中国市场消费结构和消费需求转型升级的趋势,绿地的海外拓展最为凶猛二零一四年绿地集团海外收入达到一百五十三亿元较上年大幅增加百分之四百较上年大增百分之五百绿地海外投资总额新增约一百亿美元力争在量质两个层面均能实现突破包括顺应中国市场消费结构和消费需求转型升级的趋势
aishell1,aishell1_S0035_01,very_long,0.0055,CER,养老地产合作成新热点据了解显资的身影经常出现在房地产行业如泰康等部分保险公司直接投资不动产而养老业务的拓展需要地产强有力的资源支撑保险公司不需要融资可以直接将养老地产变成保险产品销售,养老地产合作成新热点据了解险资的身影经常出现在房地产行业如泰康等部分保险公司直接投资不动产而养老业务的拓展需要地产强有力的资源支撑保险公司不需要融资可以直接将养老地产变成保险产品销售
aishell1,aishell1_S0036_01,very_long,0.0514,CER,"中心网5月11日电,揭示了绿地集团引领行业敲除地位的品牌内涵,并代表公司向北京绿化基金会进行了碳中和工艺捐赠,专项用于北京城市节能减排碳汇中和工作。据立地集团北京媒体关系中心负责人透露",中新网五月十一日电揭示了绿地集团引领行业翘楚地位的品牌内涵并代表公司向北京绿化基金会进行了碳中和公益捐赠专项用于北京城市节能减排碳汇中和工作据绿地集团北京媒体关系中心负责人透露
aishell1,aishell1_S0037_01,very_long,0.0881,CER,与绿色北京同行活动将以音乐为载体通过多角度系统化的形式将绿地为国际一流和谐移居制度的建设共同努力成为最环保启动仪式中新网5月11日点胡润百富官网中新网10月15日点胡润研究院发布2015胡润百富榜,与绿色北京同行活动将以音乐为载体通过多角度系统化的形式将绿地为国际一流和谐宜居之都的建设共同努力成为最环保启动仪式中新网五月十一日电胡润百富官网中新网十月十五日电胡润研究院发布二零一五胡润百富榜
aishell1,aishell1_S0038_01,very_long,0.1314,CER,大学城、八南鱼洞、北培等板块的部分楼盘建议价格含在5000元以下最低的见面价格只有4200元推出特价房等力度颇大的优惠举措2016年中国会爆发房地产危机吗?2016年中国会爆发房地产危机吗,大学城巴南鱼洞北碚等板块的部分楼盘建议价格还在五千元以下最低的建面价格只有四千二元推出特价房等力度颇大的优惠举措二零一六年中国会爆发房地产危机吗二零一六年中国会爆发房地产危机吗
aishell1,aishell1_S0039_01,very_long,0.0223,CER,如果当前的住房繁荣会刺激住房供给再次增加那么这种住房繁荣后面一定会潜伏中国房地产市场的新危机中国这场房地产市场的新危机就可能在2016年爆发随之国内房地产市场将陷入新的一轮调整周期,如果当前的住房繁荣会刺激住房供给再次增加那么这种住房繁荣后面一定会潜伏中国房地产市场的新危机中国这场房地产市场的新危机就可能在二零一六年爆发随之国内房地产市场将陷入新的一轮调整周期
aishell1,aishell1_S0040_01,very_long,0.0226,CER,"分明是要清清楚楚地与爱空间划行界线。爱空间创始人陈伟也给出了自己的说法,对二者的关系进行了自己的解读。爱空间商业行走模式,指手小米模式。雷军除了是小米科技创始人,同时也是顺为资本创始合伙人兼董事长的身份。但硬要把顺为资本的事说成小米的事",分明是要清清楚楚地与爱空间划清界限爱空间创始人陈炜也给出了自己的说法对二者的关系进行了自己的解读爱空间商业行走模式执守小米模式雷军除了是小米科技创始人同时也是顺为资本创始合伙人兼董事长的身份但硬要把顺为资本的事说成小米的事
aishell1,aishell1_S0041_01,very_long,0.1217,CER,库存价格涨跌幅不均衡的局面因此大部分企业在接下来的三个多月都要加快销售速度大部分企业年度销售任务完成率为50%左右都需要加快销售节奏否则完成年度目标的可能性较小从8月房地产市场销售数据来看我们下期再见,库存价格涨跌幅不均衡局面因此大部分企业在接下来的三个多月都要加快销售速度大部分企业年度销售任务完成率为百分之五十左右都需要加快销售节奏否则完成年度目标的可能性较小从八月房地产市场销售数据来看
aishell1,aishell1_S0042_01,very_long,0.1256,CER,在未来不足两个月的业绩收官时间内多数房企都在搞跨界营销力争提高年度销售目标完成率仅从今年10月份单月销售额来看上述21家房企表现要比金酒好其10月份单月合计销售额为1093亿元与9月份实现的952亿元销售额相比,在未来不足两个月的业绩收官时间内多数房企都在搞跨界营销力争提高年度销售目标完成率仅从今年十月份单月销售额来看上述二十一家房企表现要比金九好其十月份单月合计销售额为一千零九十三亿元与九月份实现的九百五十二亿元销售额相比
aishell1,aishell1_S0043_01,very_long,0.0442,CER,而本轮国企改革顶层意见的出台无疑将加快房地产国企改革的步伐与多数公司采取母公司资产注入子公司不同的是招商系选择了母公司合并子公司的方案招商系地产的重组被称无先例重组招商地产将随之退市好久不見,而本轮国企改革顶层意见的出台无疑将加快房地产国企改革的步伐与多数公司采取母公司资产注入子公司不同的是招商系选择了母公司合并子公司的方案招商系地产的重组被称无先例重组招商地产将随之退市
aishell1,aishell1_S0044_01,very_long,0.0269,CER,华侨城在此轮国企改革中积极尝试未来整体效率将优化和提速招商地产酝酿了7年的股票期权首次授予计划公布同属招商局旗下的招商银行推出了61亿员工持股计划据招商地产内部人员事透露在上述股权激励的基础下公司内部管理层激励新计划也在制定中,华侨城在此轮国企改革中积极尝试未来整体效率将优化和提速招商地产酝酿了七年的股票期权首次授予计划公布同属招商局旗下的招商银行推出了六十亿员工持股计划据招商地产内部人士透露在上述股权激励的基础下公司内部管理层激励新计划也在制定中
aishell1,aishell1_S0045_01,very_long,0.0955,CER,"虽然自去年起房企融资再度开闸,但房企海外融资渠道不称,共募集资金约和人民币570亿元。在分化加剧的背景下行业并购重组的步伐正在加快房地产业并购案力高达257宗",虽然自去年起房企融资再度开闸但房企海外融资渠道不畅共募集资金约合人民币五百七十亿元在分化加剧的背景下行业并购重组的步伐正在加快房地产业并购案例高达二百五十七宗
aishell1,aishell1_S0046_01,very_long,0.1105,CER,平均消化周期18个月库存消化周期是库存存量与前三月销售周期的比值高于18个月呈现供过于求低于6个月则供不应求24个重点监测城市中14个城市库存周期超过18个月烟台高达43.4个月,平均消化周期十八个月库存消化周期是库存存量与前三月销售周期的比值高于十八个月呈现供过于求低于六个月则供不应求二十四个重点监测城市中十四个城市库存周期超过十八个月烟台高达四十三点四个月
aishell1,aishell1_S0047_01,very_long,0.0124,CER,5家房企预告净利润亏损剔除数据公布不全的房企后按照预告净利润同比增长下限来看净利润同比上升企业为9家房地产市场持续下行不少房企迫于资金压力均采取以价换量的销售策略,五家房企预告净利润亏损剔除数据公布不全的房企后按照预告净利润同比增长下限来看净利润同比上升企业为九家房地产市场持续下行不少房企迫于资金压力均采取以价换量的销售策略
aishell1,aishell1_S0048_01,very_long,0.1657,CER,"中新网4月17日电上海大宁经贸府举行升筹活动项目销售现场再次人筹传动自3月7日认筹以来已超1000组筹量大宁经贸府再次成为市场和行业关注焦点据悉,象将于本周末首次开盘推示282套方圆",中新网四月十七日电上海大宁金茂府举行升筹活动项目销售现场再次人头攒动自三月七日认筹以来已超一千组筹量大宁金茂府再次成为市场和行业关注焦点据悉项目将于本周末首次开盘推市二百八十二套房源
aishell1,aishell1_S0049_01,very_long,0.0966,CER,我们预计未来房价更有可能稳中有升具备开发能力和规模优势的企业获能领先一步28家上市房企公布融资计划合计融资高达1397亿元恒大地产集团有限公司披露公司已发行第二批境内公司债券总规模为人民币150亿元,我们预计未来房价更有可能稳中有升具备开发能力和规模优势的企业或能领先一步二十八家上市房企公布融资计划合计融资高达一千三百九十七亿元恒大地产集团有限公司披露公司已发行第二批境内公司债券总规模为人民币一百五十亿元
aishell1,aishell1_S0050_01,very_long,0.1644,CER,继2009年发行境内企业债之后龙湖再次登陆境内公司债券市场其21亿元五年期的公司债券最终确定的票面利率为4.6%新年期20亿元债券的票面利率亦低至4%据中国指数研究院监测上述28家企业债券融资平均融资成本仅为1%,继二零零九年发行境内企业债之后龙湖再次登陆境内公司债券市场其二十亿元五年期的公司债券最终确定的票面利率为百分之四点六七年期二十亿元债券的票面利率亦低至百分之四据中国指数研究院监测上述二十八家企业债券融资平均融资成本仅为百分之一
aishell1,aishell1_S0051_01,very_long,0.1908,CER,最刚涨幅为1%最低位下降1%中新网3月18日电2月份66个城市新房房价环比下降中新网3月18日电70个大中城市中价格下降的城市有66个四个一线城市中仅深圳保持上涨,最高涨幅为百分之一最低为下降百分之一中新网三月十八日电二月份六十六个城市新房房价环比下降中新网三月十八日电七十个大中城市中价格下降的城市有六十六个四个一线城市中仅深圳保持上涨
aishell1,aishell1_S0052_01,very_long,0.0364,CER,二月份房价同比仍在下降新房和二手房均有60个城市出现下跌新房价格有一成持平二手房价格有一成上涨二月份房价走势仍延续下行的势头这主要受春节楼市淡季影响及楼市高库团带影响,二月份房价同比仍在下降新房和二手房均有六十个城市出现下跌新房价格有一城持平二手房价格有一城上涨二月份房价走势仍延续下行的势头这主要受春节楼市淡季影响及楼市高库存的影响
aishell1,aishell1_S0053_01,very_long,0.0109,CER,把中国指数研究院数据显示全国出让金排名前二十城市成交总额为五百亿元较去年同期跌幅过半上榜门槛仅为十一亿元排第八位尽管排名前二十城市成交总额较去年同期跌幅过半但无锡长洲等城市土地交易活跃,把中国指数研究院数据显示全国出让金排名前二十城市成交总额为五百亿元较去年同期跌幅过半上榜门槛仅为十一亿元排第八位尽管排名前二十城市成交总额较去年同期跌幅过半但无锡常州等城市土地交易活跃
aishell1,aishell1_S0054_01,very_long,0.0,CER,今年的金四银五将如期而至新政将提振二季度成交量三月末央行财政部等部委新政出台直接促使刚需购房者和改善性购房者按揭贷款门槛降低这使得购房积极性得以提高从目前各大机构的房价指标看,今年的金四银五将如期而至新政将提振二季度成交量三月末央行财政部等部委新政出台直接促使刚需购房者和改善性购房者按揭贷款门槛降低这使得购房积极性得以提高从目前各大机构的房价指标看
aishell1,aishell1_S0055_01,very_long,0.0,CER,对开发商资金链形成挑战如果做刚需 楼盘利润很低豪宅纷纷入市 竞争也很激烈某港资上市房企相关负责人对记者表示尽管目前市场释放出的信号不错但四季度仍不会放松部分房企上半年表现不佳全年要达标有一定压力,对开发商资金链形成挑战如果做刚需楼盘利润很低豪宅纷纷入市竞争也很激烈某港资上市房企相关负责人对记者表示尽管目前市场释放出的信号不错但四季度仍不会放松部分房企上半年表现不佳全年要达标有一定压力
aishell1,aishell1_S0056_01,very_long,0.0945,CER,联合数字100市场研究公司调查结果显示交房后物业配套停车位等问题也较常见选择此项的网友约占18%中心网房产频道调查中有10%的网友认为遇到黑中介是造成买房时纠纷的主要原因选择此项纠纷的受访者占比最大,联合数字一百市场研究公司调查结果显示交房后物业配套停车位等问题也较常见选择此项的网友约占百分之十八中新网房产频道调查中有百分之十的网友认为遇到黑中介是造成买房时纠纷的主要原因选择此项纠纷的受访者占比最大
aishell1,aishell1_S0057_01,very_long,0.0047,CER,"耕地红线不能突破,农民利益不能受损曾有业内专家乐观预测征补标准将在现有的基础上提高十多倍而一位国土部官员公开的说法是这纯属对土地改革的曲解、误读甚至有恶意炒作的嫌疑中农办副主任韩骏也曾表示征地补偿提高十倍的说法不靠谱",耕地红线不能突破农民利益不能受损曾有业内专家乐观预测征补标准将在现有的基础上提高十多倍而一位国土部官员公开的说法是这纯属对土地改革的曲解误读甚至有恶意炒作的嫌疑中农办副主任韩俊也曾表示征地补偿提高十倍的说法不靠谱
aishell1,aishell1_S0058_01,very_long,0.057,CER,新一轮土地改革试点已经公布小产权房转正再次化为泡影房地产市场连续回暖上海一居房地产研究院统计数据显示截止2015年6月份6月份存销比虽略有上升一居研究员王小燕表示全国市场居库存的效果已经初步体现,新一轮土地改革试点已经公布小产权房转正再次化为泡影房地产市场连续回暖上海易居房地产研究院统计数据显示截至二零一五年六月份六月份存销比虽略有上升易居研究员王晓燕表示全国市场去库存的效果已经初步体现
aishell1,aishell1_S0059_01,very_long,0.1549,CER,2014年全国商品住宅房价收入比为7.1与2013年的7.3相比2014年房价收入比再度下降延续了2010年以来的下降趋势从房价收入比的绝对水平看以接近6-7的合理区间主要是受2014年楼市降温导致房价增幅大幅收窄,二零一四年全国商品住宅房价收入比为七点一与二零一三年的七点三相比二零一四年房价收入比再度下降延续了二零一零年以来的下降趋势从房价收入比的绝对水平看已接近六到七的合理区间主要是受二零一四年楼市降温导致房价增幅大幅收窄
aishell1,aishell1_S0060_01,very_long,0.153,CER,截至2015年1月底环比增幅为0.1%同比增幅为0.3%一居研究员王小燕指出库存连续下跌5个月并非偶然现象一方面和近期市场成交量总体活跃有关对于一些三四线城市和部分二线城市来说,截至二零一五年一月底环比增幅为百分之零点一同比增幅为百分之零点三易居研究员王晓燕指出库存连续下跌五个月并非偶然现象一方面和近期市场成交量总体活跃有关对于一些三四线城市和部分二线城市来说
aishell1,aishell1_S0061_01,very_long,0.0347,CER,回款不利等资金压力这些土地储备以及去年推迟入市的项目很快将进入市场届时库存量将再度被推高房企的普遍共识是加快去库存而大部分城市楼市的去库存压力是有增无减的截至2015年1月底,回款不力等资金压力这些土地储备以及去年推迟入市的项目很快将进入市场届时库存量将再度被推高房企的普遍共识是加快去库存而大部分城市楼市的去库存压力是有增无减的截至二零一五年一月底
aishell1,aishell1_S0062_01,extra_long,0.0967,CER,同比增长19.1%31个城市库存出现同比增长现象上海一居房地产研究院研究员王晓燕点示一线城市楼市库存环比下跌0.9%35个城市的库存量仍需15.6个月才能消化完存销比环比有所上升是暂时性的在各类利好政策相继释放的刺激下房地产市场后期去库存速度将加快从衡量去库存速度的存销比指标可以看出这体现了各类就市政策效力在显现预计三月份随着供需双方入市节奏的加快各大城市去库存速度仍有望继续加快,同比增长百分之十九点一三十一个城市库存出现同比增长现象上海易居房地产研究院研究员王晓燕扁示一线城市楼市库存环比下跌百分之零点九三十五个城市的库存量仍需十五点六个月才能消化完存销比环比有所上升是站时性的在各类利好政策相继释放的刺激下房地产市场
aishell1,aishell1_S0063_01,extra_long,0.092,CER,所以此类新增供应得到了有效消化库存则处于高位盘整的状态即上半年去库存速度持续放缓而在下半年则持续加快2010年到2014年5年期间35个城市均呈现供大于求的态势供求两方的入市节奏加快成交量的上升力度更大呈现了供销两网的良好态势供求双方的入市节奏要低于2013年但相比2010年到2012年要好35层楼市的库存规模整体上一直处于攀升态势,所以此类新增供应得到了有效消化库存则处于高位盘整的状态即上半年去库存速度持续放缓而在下半年则持续加快二零一零年到二零一四年五年期间三十五个城市均呈现供大于求的态势供求两方的入市节奏加快成交量的上升力度更大呈现了供销两旺的良好态势供求双方的入
aishell1,aishell1_S0064_01,extra_long,0.113,CER,确实侵蚀了不少房企的净利润在这36家已经公布2014年报业继预警的企业中三家续盈续亏企业为东方银星在7家业绩亏损的企业中预计首亏额度最高的是阳光股份预计亏损5.4亿元下降380%融丰控股净利润变动幅度最大而且该企业是业绩首亏企业融丰控股预告净利润变动而对业绩变动的原因房地产市场整动需求放缓好,确实侵蚀了不少房企的净利润在这三十六家已经公布二零一五四年年报业绩预警的企业中三家续盈续亏企业为东方银星在七家业绩亏损的企业中预计首亏额度最高的是阳光股份预计亏损五点四亿元下降百分之三百八荣丰控股净利润变动幅度最大而且该企业是是业绩首亏企业
aishell1,aishell1_S0065_01,extra_long,0.0274,CER,三十七点七零二零一五三十七点七零二零一五二零一五年八月六日美乐乐总裁袁博颖宣布辞职自二零一五年五月以来的三个多月里已经有至少十三名高管从所任职的家居企业离职这些离职的高管要么远调透露去向要么以个人原因搪塞而一个观点却认为家居行业没前途了有本事的职业经理人选择逃离行业真的到了能让人嫌弃的地步吗现象高管评报离职新闻8月6日家居电商平台梅乐乐肯定了总统袁博英离职这一传言,三十七点七零二零一五三十七点七零二零一五二零一五年八月六日美乐乐总裁袁伯银宣布辞职自二零一五年五月以来的三个多月里已经有至少十三名高管从所任职的家居企业离职这些离职的高管要么远调透露去向要么以个人原因搪塞而一个观点却认为家居行业没前途了有本
aishell1,aishell1_S0066_01,extra_long,0.0364,CER,让有能带的职业经理人不得不选择逃离吗?近期公布的家居上市公司中报显示企业的成长性并不低家居行业与惨字靠不上边两家爆出高管出走的上市企业年终爆飘红使家居行业没前途了有本事的职业经理人选择逃离的畅栓类调不攻自破家居业是一个大行业小企业的超洋产业存在着巨大的市场整合空间目前家居业管理和服务欠缺同时也意味着家居业存在着巨大的提升空间汪林鹏在居然之家16周年庆典上表达了自己对行业发展的乐观预计,让有能耐的职业经理人不得不选择逃离吗近期公布的家居上市公司中报显示企业的成长性并不低家居行业与惨字靠不上边儿两家曝出高管出走的上市企业年中报飘红使家居行业没前途了有本事的职业经理人选择逃离的唱衰论调不攻自破家居业是一个大行业小企业的朝阳产业
aishell1,aishell1_S0067_01,extra_long,0.006,CER,选择不同价位的模板、画设计还能享受更加绿色、舒适、适宜健康的生活当前国家正大力推动绿色建筑的发展要求推行产业化住宅谈到以卓达为代表的绿色化建房模式建筑业、建材业的发展状况直接影响着住宅产业化水平国家大力倡导住宅产业、建筑业、建材业的技术创新用最经济的现代化方式建造绿色节能住宅着达新材工厂化、生产制造现场模块化、组装建造、房屋技术是对住宅建造技术的创新,选择不同价位的模板化设计还能享受更加绿色舒适适宜健康的生活当前国家正大力推动绿色建筑的发展要求推行产业化住宅谈到以卓达为代表的绿色化建房模式建筑业建材业的发展状况直接影响着住宅产业化水平国家大力倡导住宅产业建筑业建材业的技术创新用最经济的现
aishell1,aishell1_S0068_01,extra_long,0.0361,CER,二十大房企三月上旬仅恒大获得三月北京楼市预计30盘入市北京楼市将营供应小高峰北京楼市预计有30个项目入市与去年同期32个项目基本持平两极化现象更为明朗中低端项目定价稳中下滑高端项目的定价持续走高三月起楼市月供应逐渐上升业内人士称相关公司股票走势首开股份从楼市的季节供应周期来看新的销售季一般均从三月开始,二十大房企三月上旬仅恒大获得了三月北京楼市预计三十盘入市北京楼市将迎供应小高峰北京楼市预计有三十个项目入市与去年同期三十二个项目基本持平两极化现象更为明朗中低端项目定价稳中下滑高端项目的定价持续走高三月起楼市月供应逐渐上升业内人士称相关公司
aishell1,aishell1_S0069_01,extra_long,0.105,CER,但随着假期结束以及降息的刺激三月下半月市场有望告别签约淡季部分城市会出现小阳春现象房地产政策放松趋势已确定增加了购房者入市席心尤其是对于市场基本面较好的区域一线代表城市涨幅较大环比上涨62.4%除三线代表城市同比上涨7.9%外一二线代表城市均有所下降二线代表城市降幅较为明显为60.3%重庆、上海和长沙仍为重点城市累计成交面积前三名,但随着假期结束以及降息的刺激三月下半月市场有望告别签约淡季部分城市或出现小阳春现象房地产政策放松趋势已确定增加了购房者入市信心尤其是对于市场基本面较好的区域一线代表城市涨幅较大环比上涨百分之六十二点四除三线代表城市同比上涨百分之七点九外一二
aishell1,aishell1_S0070_01,extra_long,0.1388,CER,其新建筑宅销售均价下跌幅度空间较大跌幅为0.11%中国房地产数据研究院执行院长陈茂认为相对于三四线城市一二线城市的房价回南预期更高北京上海等地区在今年六月份左右价格会有所上调新政促进楼市平稳发展据中原地产研究中心统计数据显示全国主要54个城市成交快速复苏成交量达到22.84万套环比上涨幅度高达80.64%与2014年同期的21.6万套相比,其新建住宅销售均价下跌幅度空间较大跌幅为百分之零点一一中国房地产数据研究院执行院长陈冒认为相对于三四线城市一二线城市的房价回暖预期更高北京上海等地区在今年六月份左右价格会有所上调新政促进楼市平稳发展据中原地产研究中心统计数据显示全国主要五十
aishell1,aishell1_S0071_01,extra_long,0.0614,CER,房企采取积极销售策略尽管百成住宅均价仍小幅下跌据中国指数研究院的分析显示两会积极表态稳定房地产消费部分政策宽松程度甚至接近2009年促进房地产市场稳定发展与房地产相关的各类文消费政策已基本完备若各城市能够切实落实和执行将有力刺激市场去化促进楼市平稳健康发展环比小幅下跌0.15%一线城市中上海和深圳环比上涨中新网4月1日电影今日41亿元地产项目集中挂牌目前有多个房地产公司股权正在挂牌转让,房企采取积极销售策略尽管百城住宅均价仍小幅下跌据中国指数研究院的分析显示两会积极表态稳定房地产消费部分政策宽松程度甚至接近二零零九年促进房地产市场稳定发展与房地产相关的各类稳消费政策已基本完备若各城市能够切实落实和执行将有力刺激市场去化促进
aishell1,aishell1_S0072_01,extra_long,0.0324,CER,二三期项目尚未开发未交付土地包括五户企业及二户养殖户占地面积约一万两千平方米近期今与当地政府沟通剩余部分由各开发公司自行负担预计截止2014年辽宁成员应负担的安置补偿费为二千零五十万元不得向出让方追索任何责任点击进入股友会参与讨论中正网目前有多个房地产公司股权正在挂牌转让上海豪权房地产有限公司房地产行业如今的景气度与此前相比已不可同日而语,二三期项目尚未开发未交付土地包括五户企业及二户养殖户占地面积约一万两千平方米近期经与当地政府沟通剩馀部分由各开发公司自行负担预计截至二零一四年辽宁成源应负担的安置补偿费为二千零五十万元不得向出让方追索任何责任点击进入股友会参与讨论中证网目前
aishell1,aishell1_S0073_01,extra_long,0.0254,CER,"房地产占居民大类投资产配,至比例将会上升,在货币政策维持宽松背景下,该券商对地产行业保持乐观预期。目前,广东部分银行执行的手套房贷首付比例已经下调,并且这个政策的执行还有不断扩散的趋势。中原地产首席分析师张大伟对媒体公开称近月来还有诸如24个省份出台户籍改革方案大多分析师还是显得比较谨慎多重利好政策驱动下房地产九月迎来暂时性回了一线和少数二线城市的房价可能会明显上升但难以扭转目前房地产市场的整体趋势广大三四线城市仍将维持以下换量的去库存现象",房地产占居民大类投资产配置比例将会上升在货币政策维持宽松背景下该劵商对地产行业保持乐观预期目前广东部分银行执行的首套房贷首付比例已经下调并且这个政策的执行还有不断扩散的趋势中原地产首席分析师张大伟对媒体公开称近月来还有诸如二十四个省份出台户
aishell1,aishell1_S0074_01,extra_long,0.2493,CER,最低为下降12.4%新建商品住宅不含保障性住房方面18个城市的房价环比略有上涨4个城市环比平均上涨1%比上月上涨了1.8%价格下降的城市有48个上涨的城市有18个最高涨幅为1.8%最低为下降0.7%价格下降的城市有69个最高涨幅为0.7%最低为下降10.3%新建商品住宅不含保障性住房成交面积3253万平方米,最低为下降百分之十二点四新建商品住宅不含保障性住房方面十八个城市的房价环比略有上涨四个城市环比平均上涨百分之一比上月上涨了百分之一点八价格下降的城市有四十八个上涨的城市有十八个最高涨幅为百分之一点八最低为下降百分之零点七价格下降的城市有六十
aishell1,aishell1_S0075_01,extra_long,0.0379,CER,大房企也开始更为积极的拿地一线城市土地市场却在房企积极拿地中热度攀升北京迎来五月份首场土地拍卖虽仅是远郊区域小冬地块却吸引了中铁建、保利、首创等八家房企竞价争夺最终溢价率达到35%在十大城市土地出让金收入同比大跌六成背景下开发商聚焦一线已成行业大趋势未来一线城市抢地竞争将更加剧烈并未扭转4月份全国土地市场的整体下滑中国指数研究院最新数据显示,大房企也开始更为积极地拿地一线城市土地市场却在房企积极拿地中热度攀升北京迎来五月份首场土地拍卖虽仅是远郊区域小宗地块却吸引了中铁建保利首创等八家房企竞价争夺最终溢价率达到百分之三十五在十大城市土地出让金收入同比大跌六成背景下开发商聚焦一线已
aishell1,aishell1_S0076_01,extra_long,0.0541,CER,密云县十里宝镇双景村北侧四月成交面积暴增深圳豪宅吸引港人出手豪客们也开始体验到这种抢房的苦恼只不过他们抢的是豪宅位于深圳蛇口片区的某豪宅项目突击开盘单价最高达20万元平方米其推出的房源很快售庆深圳的豪宅市场已经重启根据深圳中原研究中心的监测4月深圳一手豪宅项目总成交量明显回升成交面积环比增长36%越来越多的香港人加入到了深圳豪宅的购买行列一手豪宅成交同比涨近三倍330新正不仅快速催热了深圳的钢区市场,密云县十里堡镇双井村北侧四月成交面积暴增深圳豪宅吸引港人出手豪客们也开始体验到这种抢房的苦恼只不过他们抢的是豪宅位于深圳蛇口片区的某豪宅项目突击开盘单价最高达二十万元平方米其推出的房源很快售罄深圳的豪宅市场已经重启根据深圳中原研究中心的监测
