sample_id,scope,mode,duration_group,wer,cer,wer_s,wer_d,wer_i,wer_n,cer_s,cer_d,cer_i,cer_n,empty
aishell1_S0004_01,aishell1_babble,streaming,long,0.0000,0.0000,0,0,0,54,0,0,0,54,0
aishell1_S0004_01,aishell1_babble,non-streaming,long,0.0000,0.0000,0,0,0,54,0,0,0,54,0
aishell1_S0023_01,aishell1_babble,streaming,long,0.2667,0.2667,7,5,0,45,7,5,0,45,0
aishell1_S0023_01,aishell1_babble,non-streaming,long,0.2667,0.2667,7,5,0,45,7,5,0,45,0
aishell1_S0013_01,aishell1_babble,streaming,long,1.0000,1.0000,0,48,0,48,0,48,0,48,1
aishell1_S0013_01,aishell1_babble,non-streaming,long,0.1250,0.1250,6,0,0,48,6,0,0,48,0
aishell1_S0020_01,aishell1_babble,streaming,long,0.1875,0.1875,8,1,0,48,8,1,0,48,0
aishell1_S0020_01,aishell1_babble,non-streaming,long,0.1875,0.1875,8,1,0,48,8,1,0,48,0
aishell1_S0028_01,aishell1_babble,streaming,long,0.0244,0.0244,1,0,0,41,1,0,0,41,0
aishell1_S0028_01,aishell1_babble,non-streaming,long,0.0244,0.0244,1,0,0,41,1,0,0,41,0
aishell1_S0011_01,aishell1_babble,streaming,long,0.0727,0.0727,4,0,0,55,4,0,0,55,0
aishell1_S0011_01,aishell1_babble,non-streaming,long,0.0000,0.0000,0,0,0,55,0,0,0,55,0
aishell1_S0018_01,aishell1_babble,streaming,long,0.1111,0.1111,6,0,0,54,6,0,0,54,0
aishell1_S0018_01,aishell1_babble,non-streaming,long,0.1111,0.1111,6,0,0,54,6,0,0,54,0
aishell1_S0006_01,aishell1_babble,streaming,long,0.5283,0.5283,13,15,0,53,13,15,0,53,0
aishell1_S0006_01,aishell1_babble,non-streaming,long,0.5283,0.5283,13,15,0,53,13,15,0,53,0
aishell1_S0019_01,aishell1_babble,streaming,long,0.0741,0.0741,4,0,0,54,4,0,0,54,0
aishell1_S0019_01,aishell1_babble,non-streaming,long,0.0556,0.0556,3,0,0,54,3,0,0,54,0
aishell1_S0017_01,aishell1_babble,streaming,long,0.0189,0.0189,1,0,0,53,1,0,0,53,0
aishell1_S0017_01,aishell1_babble,non-streaming,long,0.0000,0.0000,0,0,0,53,0,0,0,53,0
aishell1_S0029_01,aishell1_babble,streaming,long,1.0000,1.0000,0,61,0,61,0,61,0,61,1
aishell1_S0029_01,aishell1_babble,non-streaming,long,0.0984,0.0984,6,0,0,61,6,0,0,61,0
aishell1_S0015_01,aishell1_babble,streaming,long,0.0893,0.0893,5,0,0,56,5,0,0,56,0
aishell1_S0015_01,aishell1_babble,non-streaming,long,0.0893,0.0893,5,0,0,56,5,0,0,56,0
aishell1_S0010_01,aishell1_babble,streaming,long,1.0000,1.0000,0,55,0,55,0,55,0,55,1
aishell1_S0010_01,aishell1_babble,non-streaming,long,0.0182,0.0182,1,0,0,55,1,0,0,55,0
aishell1_S0022_01,aishell1_babble,streaming,long,0.2273,0.2273,14,1,0,66,14,1,0,66,0
aishell1_S0022_01,aishell1_babble,non-streaming,long,0.1818,0.1818,11,1,0,66,11,1,0,66,0
aishell1_S0012_01,aishell1_babble,streaming,long,1.0000,1.0000,0,57,0,57,0,57,0,57,1
aishell1_S0012_01,aishell1_babble,non-streaming,long,0.0526,0.0526,3,0,0,57,3,0,0,57,0
aishell1_S0060_01,aishell1_babble,streaming,very_long,0.2174,0.2174,12,8,0,92,12,8,0,92,0
aishell1_S0060_01,aishell1_babble,non-streaming,very_long,0.2283,0.2283,13,8,0,92,13,8,0,92,0
aishell1_S0035_01,aishell1_babble,streaming,very_long,0.0330,0.0330,3,0,0,91,3,0,0,91,0
aishell1_S0035_01,aishell1_babble,non-streaming,very_long,0.0769,0.0769,5,0,2,91,5,0,2,91,0
aishell1_S0045_01,aishell1_babble,streaming,very_long,0.1392,0.1392,8,3,0,79,8,3,0,79,0
aishell1_S0045_01,aishell1_babble,non-streaming,very_long,0.1392,0.1392,8,3,0,79,8,3,0,79,0
aishell1_S0033_01,aishell1_babble,streaming,very_long,0.1889,0.1889,12,5,0,90,12,5,0,90,0
aishell1_S0033_01,aishell1_babble,non-streaming,very_long,0.1889,0.1889,12,5,0,90,12,5,0,90,0
aishell1_S0049_01,aishell1_babble,streaming,very_long,0.1442,0.1442,10,5,0,104,10,5,0,104,0
aishell1_S0049_01,aishell1_babble,non-streaming,very_long,0.1442,0.1442,10,5,0,104,10,5,0,104,0
aishell1_S0054_01,aishell1_babble,streaming,very_long,0.0230,0.0230,2,0,0,87,2,0,0,87,0
aishell1_S0054_01,aishell1_babble,non-streaming,very_long,0.0230,0.0230,2,0,0,87,2,0,0,87,0
aishell1_S0052_01,aishell1_babble,streaming,very_long,0.0602,0.0602,5,0,0,83,5,0,0,83,0
aishell1_S0052_01,aishell1_babble,non-streaming,very_long,0.0964,0.0964,8,0,0,83,8,0,0,83,0
aishell1_S0046_01,aishell1_babble,streaming,very_long,0.1978,0.1978,15,3,0,91,15,3,0,91,0
aishell1_S0046_01,aishell1_babble,non-streaming,very_long,0.1978,0.1978,15,3,0,91,15,3,0,91,0
aishell1_S0038_01,aishell1_babble,streaming,very_long,1.0000,1.0000,0,88,0,88,0,88,0,88,1
aishell1_S0038_01,aishell1_babble,non-streaming,very_long,0.2386,0.2386,18,0,3,88,18,0,3,88,0
aishell1_S0061_01,aishell1_babble,streaming,very_long,0.0805,0.0805,7,0,0,87,7,0,0,87,0
aishell1_S0061_01,aishell1_babble,non-streaming,very_long,0.0920,0.0920,8,0,0,87,8,0,0,87,0
aishell1_S0058_01,aishell1_babble,streaming,very_long,0.1340,0.1340,13,0,0,97,13,0,0,97,0
aishell1_S0058_01,aishell1_babble,non-streaming,very_long,0.1031,0.1031,10,0,0,97,10,0,0,97,0
aishell1_S0055_01,aishell1_babble,streaming,very_long,0.0316,0.0316,3,0,0,95,3,0,0,95,0
aishell1_S0055_01,aishell1_babble,non-streaming,very_long,0.0316,0.0316,3,0,0,95,3,0,0,95,0
aishell1_S0048_01,aishell1_babble,streaming,very_long,0.2637,0.2637,20,3,1,91,20,3,1,91,0
aishell1_S0048_01,aishell1_babble,non-streaming,very_long,0.2967,0.2967,22,3,2,91,22,3,2,91,0
aishell1_S0034_01,aishell1_babble,streaming,very_long,0.2091,0.2091,16,6,1,110,16,6,1,110,0
aishell1_S0034_01,aishell1_babble,non-streaming,very_long,0.2091,0.2091,16,6,1,110,16,6,1,110,0
aishell1_S0050_01,aishell1_babble,streaming,very_long,0.2655,0.2655,18,12,0,113,18,12,0,113,0
aishell1_S0050_01,aishell1_babble,non-streaming,very_long,0.2743,0.2743,19,12,0,113,19,12,0,113,0
aishell1_S0005_01,aishell1_clean,streaming,long,0.0588,0.0588,3,0,0,51,3,0,0,51,0
aishell1_S0005_01,aishell1_clean,non-streaming,long,0.0392,0.0392,1,0,1,51,1,0,1,51,0
aishell1_S0004_01,aishell1_clean,streaming,long,0.0000,0.0000,0,0,0,54,0,0,0,54,0
aishell1_S0004_01,aishell1_clean,non-streaming,long,0.0000,0.0000,0,0,0,54,0,0,0,54,0
aishell1_S0009_01,aishell1_clean,streaming,long,0.0698,0.0698,3,0,0,43,3,0,0,43,0
aishell1_S0009_01,aishell1_clean,non-streaming,long,0.0698,0.0698,3,0,0,43,3,0,0,43,0
aishell1_S0023_01,aishell1_clean,streaming,long,0.2667,0.2667,7,5,0,45,7,5,0,45,0
aishell1_S0023_01,aishell1_clean,non-streaming,long,0.2667,0.2667,7,5,0,45,7,5,0,45,0
aishell1_S0013_01,aishell1_clean,streaming,long,0.1250,0.1250,6,0,0,48,6,0,0,48,0
aishell1_S0013_01,aishell1_clean,non-streaming,long,0.1250,0.1250,6,0,0,48,6,0,0,48,0
aishell1_S0025_01,aishell1_clean,streaming,long,0.0000,0.0000,0,0,0,43,0,0,0,43,0
aishell1_S0025_01,aishell1_clean,non-streaming,long,0.0000,0.0000,0,0,0,43,0,0,0,43,0
aishell1_S0002_01,aishell1_clean,streaming,long,0.1136,0.1136,4,0,1,44,4,0,1,44,0
aishell1_S0002_01,aishell1_clean,non-streaming,long,0.0909,0.0909,3,0,1,44,3,0,1,44,0
aishell1_S0020_01,aishell1_clean,streaming,long,0.1667,0.1667,7,1,0,48,7,1,0,48,0
aishell1_S0020_01,aishell1_clean,non-streaming,long,0.1875,0.1875,8,1,0,48,8,1,0,48,0
aishell1_S0016_01,aishell1_clean,streaming,long,0.0488,0.0488,2,0,0,41,2,0,0,41,0
aishell1_S0016_01,aishell1_clean,non-streaming,long,0.0244,0.0244,1,0,0,41,1,0,0,41,0
aishell1_S0028_01,aishell1_clean,streaming,long,0.0488,0.0488,2,0,0,41,2,0,0,41,0
aishell1_S0028_01,aishell1_clean,non-streaming,long,0.0244,0.0244,1,0,0,41,1,0,0,41,0
aishell1_S0027_01,aishell1_clean,streaming,long,0.0238,0.0238,1,0,0,42,1,0,0,42,0
aishell1_S0027_01,aishell1_clean,non-streaming,long,0.0238,0.0238,1,0,0,42,1,0,0,42,0
aishell1_S0014_01,aishell1_clean,streaming,long,0.1053,0.1053,3,1,0,38,3,1,0,38,0
aishell1_S0014_01,aishell1_clean,non-streaming,long,0.1053,0.1053,3,1,0,38,3,1,0,38,0
aishell1_S0011_01,aishell1_clean,streaming,long,0.0000,0.0000,0,0,0,55,0,0,0,55,0
aishell1_S0011_01,aishell1_clean,non-streaming,long,0.0000,0.0000,0,0,0,55,0,0,0,55,0
aishell1_S0018_01,aishell1_clean,streaming,long,0.0556,0.0556,3,0,0,54,3,0,0,54,0
aishell1_S0018_01,aishell1_clean,non-streaming,long,0.0741,0.0741,4,0,0,54,4,0,0,54,0
aishell1_S0026_01,aishell1_clean,streaming,long,0.2462,0.2462,10,6,0,65,10,6,0,65,0
aishell1_S0026_01,aishell1_clean,non-streaming,long,0.2462,0.2462,10,6,0,65,10,6,0,65,0
aishell1_S0008_01,aishell1_clean,streaming,long,0.1020,0.1020,5,0,0,49,5,0,0,49,0
aishell1_S0008_01,aishell1_clean,non-streaming,long,0.1020,0.1020,5,0,0,49,5,0,0,49,0
aishell1_S0006_01,aishell1_clean,streaming,long,0.4528,0.4528,13,11,0,53,13,11,0,53,0
aishell1_S0006_01,aishell1_clean,non-streaming,long,0.4528,0.4528,13,11,0,53,13,11,0,53,0
aishell1_S0021_01,aishell1_clean,streaming,long,0.0784,0.0784,3,0,1,51,3,0,1,51,0
aishell1_S0021_01,aishell1_clean,non-streaming,long,0.0588,0.0588,3,0,0,51,3,0,0,51,0
aishell1_S0019_01,aishell1_clean,streaming,long,0.0556,0.0556,3,0,0,54,3,0,0,54,0
aishell1_S0019_01,aishell1_clean,non-streaming,long,0.0370,0.0370,2,0,0,54,2,0,0,54,0
aishell1_S0030_01,aishell1_clean,streaming,long,0.0784,0.0784,4,0,0,51,4,0,0,51,0
aishell1_S0030_01,aishell1_clean,non-streaming,long,0.0980,0.0980,5,0,0,51,5,0,0,51,0
aishell1_S0017_01,aishell1_clean,streaming,long,0.0377,0.0377,1,0,1,53,1,0,1,53,0
aishell1_S0017_01,aishell1_clean,non-streaming,long,0.0000,0.0000,0,0,0,53,0,0,0,53,0
aishell1_S0024_01,aishell1_clean,streaming,long,0.0492,0.0492,2,0,1,61,2,0,1,61,0
aishell1_S0024_01,aishell1_clean,non-streaming,long,0.0328,0.0328,2,0,0,61,2,0,0,61,0
aishell1_S0029_01,aishell1_clean,streaming,long,0.1475,0.1475,8,0,1,61,8,0,1,61,0
aishell1_S0029_01,aishell1_clean,non-streaming,long,0.1475,0.1475,8,0,1,61,8,0,1,61,0
aishell1_S0015_01,aishell1_clean,streaming,long,0.1071,0.1071,5,0,1,56,5,0,1,56,0
aishell1_S0015_01,aishell1_clean,non-streaming,long,0.0893,0.0893,5,0,0,56,5,0,0,56,0
aishell1_S0010_01,aishell1_clean,streaming,long,0.0000,0.0000,0,0,0,55,0,0,0,55,0
aishell1_S0010_01,aishell1_clean,non-streaming,long,0.0000,0.0000,0,0,0,55,0,0,0,55,0
aishell1_S0022_01,aishell1_clean,streaming,long,0.1818,0.1818,11,1,0,66,11,1,0,66,0
aishell1_S0022_01,aishell1_clean,non-streaming,long,0.1667,0.1667,10,1,0,66,10,1,0,66,0
aishell1_S0012_01,aishell1_clean,streaming,long,0.0877,0.0877,5,0,0,57,5,0,0,57,0
aishell1_S0012_01,aishell1_clean,non-streaming,long,0.1053,0.1053,6,0,0,57,6,0,0,57,0
aishell1_S0031_01,aishell1_clean,streaming,long,0.0167,0.0167,1,0,0,60,1,0,0,60,0
aishell1_S0031_01,aishell1_clean,non-streaming,long,0.0167,0.0167,1,0,0,60,1,0,0,60,0
aishell1_S0007_01,aishell1_clean,streaming,long,0.0943,0.0943,4,0,1,53,4,0,1,53,0
aishell1_S0007_01,aishell1_clean,non-streaming,long,0.0755,0.0755,4,0,0,53,4,0,0,53,0
aishell1_S0003_01,aishell1_clean,streaming,long,0.0156,0.0156,1,0,0,64,1,0,0,64,0
aishell1_S0003_01,aishell1_clean,non-streaming,long,0.0156,0.0156,1,0,0,64,1,0,0,64,0
aishell1_S0041_01,aishell1_clean,streaming,very_long,0.0737,0.0737,3,3,1,95,3,3,1,95,0
aishell1_S0041_01,aishell1_clean,non-streaming,very_long,0.1368,0.1368,3,3,7,95,3,3,7,95,0
aishell1_S0043_01,aishell1_clean,streaming,very_long,0.0440,0.0440,4,0,0,91,4,0,0,91,0
aishell1_S0043_01,aishell1_clean,non-streaming,very_long,0.0879,0.0879,0,0,8,91,0,0,8,91,0
aishell1_S0036_01,aishell1_clean,streaming,very_long,0.1023,0.1023,9,0,0,88,9,0,0,88,0
aishell1_S0036_01,aishell1_clean,non-streaming,very_long,0.1023,0.1023,9,0,0,88,9,0,0,88,0
aishell1_S0059_01,aishell1_clean,streaming,very_long,0.2804,0.2804,27,3,0,107,27,3,0,107,0
aishell1_S0059_01,aishell1_clean,non-streaming,very_long,0.2804,0.2804,27,3,0,107,27,3,0,107,0
aishell1_S0060_01,aishell1_clean,streaming,very_long,0.2283,0.2283,12,8,1,92,12,8,1,92,0
aishell1_S0060_01,aishell1_clean,non-streaming,very_long,0.2174,0.2174,12,8,0,92,12,8,0,92,0
aishell1_S0035_01,aishell1_clean,streaming,very_long,0.0330,0.0330,2,0,1,91,2,0,1,91,0
aishell1_S0035_01,aishell1_clean,non-streaming,very_long,0.0110,0.0110,1,0,0,91,1,0,0,91,0
aishell1_S0051_01,aishell1_clean,streaming,very_long,0.2874,0.2874,17,8,0,87,17,8,0,87,0
aishell1_S0051_01,aishell1_clean,non-streaming,very_long,0.2874,0.2874,17,8,0,87,17,8,0,87,0
aishell1_S0045_01,aishell1_clean,streaming,very_long,0.1646,0.1646,10,3,0,79,10,3,0,79,0
aishell1_S0045_01,aishell1_clean,non-streaming,very_long,0.1519,0.1519,9,3,0,79,9,3,0,79,0
aishell1_S0033_01,aishell1_clean,streaming,very_long,0.2000,0.2000,13,5,0,90,13,5,0,90,0
aishell1_S0033_01,aishell1_clean,non-streaming,very_long,0.1889,0.1889,12,5,0,90,12,5,0,90,0
aishell1_S0047_01,aishell1_clean,streaming,very_long,0.0247,0.0247,2,0,0,81,2,0,0,81,0
aishell1_S0047_01,aishell1_clean,non-streaming,very_long,0.0247,0.0247,2,0,0,81,2,0,0,81,0
aishell1_S0039_01,aishell1_clean,streaming,very_long,0.0556,0.0556,4,0,1,90,4,0,1,90,0
aishell1_S0039_01,aishell1_clean,non-streaming,very_long,0.0444,0.0444,4,0,0,90,4,0,0,90,0
aishell1_S0049_01,aishell1_clean,streaming,very_long,0.1635,0.1635,11,5,1,104,11,5,1,104,0
aishell1_S0049_01,aishell1_clean,non-streaming,very_long,0.1442,0.1442,10,5,0,104,10,5,0,104,0
aishell1_S0054_01,aishell1_clean,streaming,very_long,0.0230,0.0230,2,0,0,87,2,0,0,87,0
aishell1_S0054_01,aishell1_clean,non-streaming,very_long,0.0000,0.0000,0,0,0,87,0,0,0,87,0
aishell1_S0052_01,aishell1_clean,streaming,very_long,0.0482,0.0482,4,0,0,83,4,0,0,83,0
aishell1_S0052_01,aishell1_clean,non-streaming,very_long,0.0723,0.0723,6,0,0,83,6,0,0,83,0
aishell1_S0046_01,aishell1_clean,streaming,very_long,0.2198,0.2198,17,3,0,91,17,3,0,91,0
aishell1_S0046_01,aishell1_clean,non-streaming,very_long,0.1868,0.1868,14,3,0,91,14,3,0,91,0
aishell1_S0038_01,aishell1_clean,streaming,very_long,0.2273,0.2273,17,0,3,88,17,0,3,88,0
aishell1_S0038_01,aishell1_clean,non-streaming,very_long,0.2273,0.2273,17,0,3,88,17,0,3,88,0
aishell1_S0037_01,aishell1_clean,streaming,very_long,0.1959,0.1959,18,0,1,97,18,0,1,97,0
aishell1_S0037_01,aishell1_clean,non-streaming,very_long,0.1649,0.1649,15,0,1,97,15,0,1,97,0
aishell1_S0061_01,aishell1_clean,streaming,very_long,0.0690,0.0690,6,0,0,87,6,0,0,87,0
aishell1_S0061_01,aishell1_clean,non-streaming,very_long,0.0690,0.0690,6,0,0,87,6,0,0,87,0
aishell1_S0058_01,aishell1_clean,streaming,very_long,0.1340,0.1340,13,0,0,97,13,0,0,97,0
aishell1_S0058_01,aishell1_clean,non-streaming,very_long,0.1134,0.1134,11,0,0,97,11,0,0,97,0
aishell1_S0055_01,aishell1_clean,streaming,very_long,0.0105,0.0105,0,0,1,95,0,0,1,95,0
aishell1_S0055_01,aishell1_clean,non-streaming,very_long,0.0000,0.0000,0,0,0,95,0,0,0,95,0
aishell1_S0057_01,aishell1_clean,streaming,very_long,0.0189,0.0189,1,0,1,106,1,0,1,106,0
aishell1_S0057_01,aishell1_clean,non-streaming,very_long,0.0094,0.0094,1,0,0,106,1,0,0,106,0
aishell1_S0044_01,aishell1_clean,streaming,very_long,0.0536,0.0536,3,1,2,112,3,1,2,112,0
aishell1_S0044_01,aishell1_clean,non-streaming,very_long,0.0446,0.0446,4,0,1,112,4,0,1,112,0
aishell1_S0056_01,aishell1_clean,streaming,very_long,0.1287,0.1287,7,5,1,101,7,5,1,101,0
aishell1_S0056_01,aishell1_clean,non-streaming,very_long,0.1287,0.1287,7,5,1,101,7,5,1,101,0
aishell1_S0032_01,aishell1_clean,streaming,very_long,0.0654,0.0654,7,0,0,107,7,0,0,107,0
aishell1_S0032_01,aishell1_clean,non-streaming,very_long,0.0561,0.0561,6,0,0,107,6,0,0,107,0
aishell1_S0048_01,aishell1_clean,streaming,very_long,0.2857,0.2857,21,3,2,91,21,3,2,91,0
aishell1_S0048_01,aishell1_clean,non-streaming,very_long,0.2747,0.2747,20,3,2,91,20,3,2,91,0
aishell1_S0040_01,aishell1_clean,streaming,very_long,0.0541,0.0541,4,0,2,111,4,0,2,111,0
aishell1_S0040_01,aishell1_clean,non-streaming,very_long,0.0450,0.0450,5,0,0,111,5,0,0,111,0
aishell1_S0034_01,aishell1_clean,streaming,very_long,0.2273,0.2273,18,6,1,110,18,6,1,110,0
aishell1_S0034_01,aishell1_clean,non-streaming,very_long,0.2091,0.2091,16,6,1,110,16,6,1,110,0
aishell1_S0053_01,aishell1_clean,streaming,very_long,0.1196,0.1196,10,0,1,92,10,0,1,92,0
aishell1_S0053_01,aishell1_clean,non-streaming,very_long,0.0217,0.0217,2,0,0,92,2,0,0,92,0
aishell1_S0042_01,aishell1_clean,streaming,very_long,0.1759,0.1759,12,5,2,108,12,5,2,108,0
aishell1_S0042_01,aishell1_clean,non-streaming,very_long,0.1852,0.1852,13,5,2,108,13,5,2,108,0
aishell1_S0050_01,aishell1_clean,streaming,very_long,0.2566,0.2566,18,11,0,113,18,11,0,113,0
aishell1_S0050_01,aishell1_clean,non-streaming,very_long,0.2301,0.2301,15,11,0,113,15,11,0,113,0
aishell1_S0064_01,aishell1_clean,streaming,extra_long,0.1854,0.1854,21,7,0,151,21,7,0,151,0
aishell1_S0064_01,aishell1_clean,non-streaming,extra_long,0.1656,0.1656,16,8,1,151,16,8,1,151,0
aishell1_S0068_01,aishell1_clean,streaming,extra_long,0.0588,0.0588,6,2,1,153,6,2,1,153,0
aishell1_S0068_01,aishell1_clean,non-streaming,extra_long,0.0588,0.0588,7,2,0,153,7,2,0,153,0
aishell1_S0065_01,aishell1_clean,streaming,extra_long,0.2350,0.2350,39,4,0,183,39,4,0,183,0
aishell1_S0065_01,aishell1_clean,non-streaming,extra_long,0.0546,0.0546,10,0,0,183,10,0,0,183,0
aishell1_S0070_01,aishell1_clean,streaming,extra_long,0.2034,0.2034,23,13,0,177,23,13,0,177,0
aishell1_S0070_01,aishell1_clean,non-streaming,extra_long,0.2034,0.2034,23,13,0,177,23,13,0,177,0
aishell1_S0067_01,aishell1_clean,streaming,extra_long,0.0359,0.0359,4,0,2,167,4,0,2,167,0
aishell1_S0067_01,aishell1_clean,non-streaming,extra_long,0.0120,0.0120,2,0,0,167,2,0,0,167,0
aishell1_S0075_01,aishell1_clean,streaming,extra_long,0.0698,0.0698,7,4,1,172,7,4,1,172,0
aishell1_S0075_01,aishell1_clean,non-streaming,extra_long,0.0523,0.0523,5,4,0,172,5,4,0,172,0
aishell1_S0074_01,aishell1_clean,streaming,extra_long,0.3432,0.3432,30,28,0,169,30,28,0,169,0
aishell1_S0074_01,aishell1_clean,non-streaming,extra_long,0.3314,0.3314,28,28,0,169,28,28,0,169,0
aishell1_S0072_01,aishell1_clean,streaming,extra_long,0.1000,0.1000,16,1,0,170,16,1,0,170,0
aishell1_S0072_01,aishell1_clean,non-streaming,extra_long,0.0647,0.0647,11,0,0,170,11,0,0,170,0
aishell1_S0069_01,aishell1_clean,streaming,extra_long,0.1453,0.1453,10,14,1,172,10,14,1,172,0
aishell1_S0069_01,aishell1_clean,non-streaming,extra_long,0.1337,0.1337,10,13,0,172,10,13,0,172,0
aishell1_S0076_01,aishell1_clean,streaming,extra_long,0.1029,0.1029,17,4,0,204,17,4,0,204,0
aishell1_S0076_01,aishell1_clean,non-streaming,extra_long,0.0882,0.0882,14,4,0,204,14,4,0,204,0
aishell1_S0066_01,aishell1_clean,streaming,extra_long,0.0881,0.0881,15,1,1,193,15,1,1,193,0
aishell1_S0066_01,aishell1_clean,non-streaming,extra_long,0.0674,0.0674,12,1,0,193,12,1,0,193,0
aishell1_S0071_01,aishell1_clean,streaming,extra_long,0.1020,0.1020,13,6,1,196,13,6,1,196,0
aishell1_S0071_01,aishell1_clean,non-streaming,extra_long,0.1020,0.1020,14,5,1,196,14,5,1,196,0
aishell1_S0062_01,aishell1_clean,streaming,extra_long,0.1371,0.1371,16,11,0,197,16,11,0,197,0
aishell1_S0062_01,aishell1_clean,non-streaming,extra_long,0.1371,0.1371,16,11,0,197,16,11,0,197,0
aishell1_S0063_01,aishell1_clean,streaming,extra_long,0.1953,0.1953,30,2,1,169,30,2,1,169,0
aishell1_S0063_01,aishell1_clean,non-streaming,extra_long,0.1716,0.1716,27,2,0,169,27,2,0,169,0
aishell1_S0073_01,aishell1_clean,streaming,extra_long,0.0415,0.0415,7,2,0,217,7,2,0,217,0
aishell1_S0073_01,aishell1_clean,non-streaming,extra_long,0.0415,0.0415,7,2,0,217,7,2,0,217,0
aishell1_S0005_01,aishell1_snr10,streaming,long,0.0980,0.0980,4,0,1,51,4,0,1,51,0
aishell1_S0005_01,aishell1_snr10,non-streaming,long,0.0588,0.0588,3,0,0,51,3,0,0,51,0
aishell1_S0004_01,aishell1_snr10,streaming,long,0.0000,0.0000,0,0,0,54,0,0,0,54,0
aishell1_S0004_01,aishell1_snr10,non-streaming,long,0.0000,0.0000,0,0,0,54,0,0,0,54,0
aishell1_S0023_01,aishell1_snr10,streaming,long,0.2444,0.2444,6,5,0,45,6,5,0,45,0
aishell1_S0023_01,aishell1_snr10,non-streaming,long,0.2444,0.2444,6,5,0,45,6,5,0,45,0
aishell1_S0013_01,aishell1_snr10,streaming,long,0.1250,0.1250,6,0,0,48,6,0,0,48,0
aishell1_S0013_01,aishell1_snr10,non-streaming,long,0.1250,0.1250,6,0,0,48,6,0,0,48,0
aishell1_S0025_01,aishell1_snr10,streaming,long,0.0000,0.0000,0,0,0,43,0,0,0,43,0
aishell1_S0025_01,aishell1_snr10,non-streaming,long,0.0000,0.0000,0,0,0,43,0,0,0,43,0
aishell1_S0002_01,aishell1_snr10,streaming,long,0.1136,0.1136,4,0,1,44,4,0,1,44,0
aishell1_S0002_01,aishell1_snr10,non-streaming,long,0.1364,0.1364,5,0,1,44,5,0,1,44,0
aishell1_S0020_01,aishell1_snr10,streaming,long,0.1875,0.1875,8,1,0,48,8,1,0,48,0
aishell1_S0020_01,aishell1_snr10,non-streaming,long,0.1875,0.1875,8,1,0,48,8,1,0,48,0
aishell1_S0028_01,aishell1_snr10,streaming,long,0.0488,0.0488,2,0,0,41,2,0,0,41,0
aishell1_S0028_01,aishell1_snr10,non-streaming,long,0.0244,0.0244,1,0,0,41,1,0,0,41,0
aishell1_S0014_01,aishell1_snr10,streaming,long,0.1316,0.1316,4,1,0,38,4,1,0,38,0
aishell1_S0014_01,aishell1_snr10,non-streaming,long,0.1053,0.1053,3,1,0,38,3,1,0,38,0
aishell1_S0011_01,aishell1_snr10,streaming,long,0.0000,0.0000,0,0,0,55,0,0,0,55,0
aishell1_S0011_01,aishell1_snr10,non-streaming,long,0.0182,0.0182,1,0,0,55,1,0,0,55,0
aishell1_S0018_01,aishell1_snr10,streaming,long,0.0556,0.0556,3,0,0,54,3,0,0,54,0
aishell1_S0018_01,aishell1_snr10,non-streaming,long,0.0741,0.0741,4,0,0,54,4,0,0,54,0
aishell1_S0006_01,aishell1_snr10,streaming,long,0.2642,0.2642,9,5,0,53,9,5,0,53,0
aishell1_S0006_01,aishell1_snr10,non-streaming,long,0.4528,0.4528,13,11,0,53,13,11,0,53,0
aishell1_S0019_01,aishell1_snr10,streaming,long,0.0556,0.0556,3,0,0,54,3,0,0,54,0
aishell1_S0019_01,aishell1_snr10,non-streaming,long,0.0370,0.0370,2,0,0,54,2,0,0,54,0
aishell1_S0012_01,aishell1_snr10,streaming,long,0.1404,0.1404,8,0,0,57,8,0,0,57,0
aishell1_S0012_01,aishell1_snr10,non-streaming,long,0.1754,0.1754,10,0,0,57,10,0,0,57,0
aishell1_S0031_01,aishell1_snr10,streaming,long,0.0333,0.0333,2,0,0,60,2,0,0,60,0
aishell1_S0031_01,aishell1_snr10,non-streaming,long,0.0167,0.0167,1,0,0,60,1,0,0,60,0
aishell1_S0041_01,aishell1_snr10,streaming,very_long,0.0632,0.0632,3,3,0,95,3,3,0,95,0
aishell1_S0041_01,aishell1_snr10,non-streaming,very_long,0.0842,0.0842,3,3,2,95,3,3,2,95,0
aishell1_S0043_01,aishell1_snr10,streaming,very_long,0.0440,0.0440,4,0,0,91,4,0,0,91,0
aishell1_S0043_01,aishell1_snr10,non-streaming,very_long,0.0659,0.0659,0,0,6,91,0,0,6,91,0
aishell1_S0060_01,aishell1_snr10,streaming,very_long,0.3696,0.3696,26,8,0,92,26,8,0,92,0
aishell1_S0060_01,aishell1_snr10,non-streaming,very_long,0.3370,0.3370,23,8,0,92,23,8,0,92,0
aishell1_S0047_01,aishell1_snr10,streaming,very_long,0.0123,0.0123,1,0,0,81,1,0,0,81,0
aishell1_S0047_01,aishell1_snr10,non-streaming,very_long,0.0370,0.0370,3,0,0,81,3,0,0,81,0
aishell1_S0039_01,aishell1_snr10,streaming,very_long,0.0667,0.0667,6,0,0,90,6,0,0,90,0
aishell1_S0039_01,aishell1_snr10,non-streaming,very_long,0.0556,0.0556,5,0,0,90,5,0,0,90,0
aishell1_S0049_01,aishell1_snr10,streaming,very_long,0.3173,0.3173,27,6,0,104,27,6,0,104,0
aishell1_S0049_01,aishell1_snr10,non-streaming,very_long,0.2596,0.2596,22,5,0,104,22,5,0,104,0
aishell1_S0054_01,aishell1_snr10,streaming,very_long,0.0345,0.0345,3,0,0,87,3,0,0,87,0
aishell1_S0054_01,aishell1_snr10,non-streaming,very_long,0.0000,0.0000,0,0,0,87,0,0,0,87,0
aishell1_S0046_01,aishell1_snr10,streaming,very_long,0.2198,0.2198,17,3,0,91,17,3,0,91,0
aishell1_S0046_01,aishell1_snr10,non-streaming,very_long,0.1978,0.1978,15,3,0,91,15,3,0,91,0
aishell1_S0038_01,aishell1_snr10,streaming,very_long,0.3750,0.3750,14,16,3,88,14,16,3,88,0
aishell1_S0038_01,aishell1_snr10,non-streaming,very_long,0.2386,0.2386,18,0,3,88,18,0,3,88,0
aishell1_S0061_01,aishell1_snr10,streaming,very_long,0.1494,0.1494,11,0,2,87,11,0,2,87,0
aishell1_S0061_01,aishell1_snr10,non-streaming,very_long,0.0920,0.0920,8,0,0,87,8,0,0,87,0
aishell1_S0057_01,aishell1_snr10,streaming,very_long,0.0189,0.0189,2,0,0,106,2,0,0,106,0
aishell1_S0057_01,aishell1_snr10,non-streaming,very_long,0.0189,0.0189,2,0,0,106,2,0,0,106,0
aishell1_S0056_01,aishell1_snr10,streaming,very_long,0.1287,0.1287,7,5,1,101,7,5,1,101,0
aishell1_S0056_01,aishell1_snr10,non-streaming,very_long,0.1287,0.1287,7,5,1,101,7,5,1,101,0
aishell1_S0032_01,aishell1_snr10,streaming,very_long,0.0561,0.0561,6,0,0,107,6,0,0,107,0
aishell1_S0032_01,aishell1_snr10,non-streaming,very_long,0.0280,0.0280,3,0,0,107,3,0,0,107,0
aishell1_S0048_01,aishell1_snr10,streaming,very_long,0.3516,0.3516,25,4,3,91,25,4,3,91,0
aishell1_S0048_01,aishell1_snr10,non-streaming,very_long,0.2857,0.2857,20,3,3,91,20,3,3,91,0
aishell1_S0042_01,aishell1_snr10,streaming,very_long,0.2315,0.2315,18,5,2,108,18,5,2,108,0
aishell1_S0042_01,aishell1_snr10,non-streaming,very_long,0.2130,0.2130,16,5,2,108,16,5,2,108,0
aishell1_S0004_01,aishell1_snr15,streaming,long,0.0000,0.0000,0,0,0,54,0,0,0,54,0
aishell1_S0004_01,aishell1_snr15,non-streaming,long,0.0000,0.0000,0,0,0,54,0,0,0,54,0
aishell1_S0009_01,aishell1_snr15,streaming,long,0.0698,0.0698,3,0,0,43,3,0,0,43,0
aishell1_S0009_01,aishell1_snr15,non-streaming,long,0.0698,0.0698,3,0,0,43,3,0,0,43,0
aishell1_S0023_01,aishell1_snr15,streaming,long,0.2667,0.2667,7,5,0,45,7,5,0,45,0
aishell1_S0023_01,aishell1_snr15,non-streaming,long,0.2667,0.2667,7,5,0,45,7,5,0,45,0
aishell1_S0013_01,aishell1_snr15,streaming,long,0.1250,0.1250,6,0,0,48,6,0,0,48,0
aishell1_S0013_01,aishell1_snr15,non-streaming,long,0.1250,0.1250,6,0,0,48,6,0,0,48,0
aishell1_S0002_01,aishell1_snr15,streaming,long,0.1591,0.1591,6,0,1,44,6,0,1,44,0
aishell1_S0002_01,aishell1_snr15,non-streaming,long,0.1364,0.1364,5,0,1,44,5,0,1,44,0
aishell1_S0020_01,aishell1_snr15,streaming,long,0.1875,0.1875,8,1,0,48,8,1,0,48,0
aishell1_S0020_01,aishell1_snr15,non-streaming,long,0.1667,0.1667,7,1,0,48,7,1,0,48,0
aishell1_S0028_01,aishell1_snr15,streaming,long,0.0488,0.0488,2,0,0,41,2,0,0,41,0
aishell1_S0028_01,aishell1_snr15,non-streaming,long,0.0244,0.0244,1,0,0,41,1,0,0,41,0
aishell1_S0027_01,aishell1_snr15,streaming,long,0.0476,0.0476,2,0,0,42,2,0,0,42,0
aishell1_S0027_01,aishell1_snr15,non-streaming,long,0.0238,0.0238,1,0,0,42,1,0,0,42,0
aishell1_S0018_01,aishell1_snr15,streaming,long,0.0556,0.0556,3,0,0,54,3,0,0,54,0
aishell1_S0018_01,aishell1_snr15,non-streaming,long,0.0741,0.0741,4,0,0,54,4,0,0,54,0
aishell1_S0021_01,aishell1_snr15,streaming,long,0.0784,0.0784,3,0,1,51,3,0,1,51,0
aishell1_S0021_01,aishell1_snr15,non-streaming,long,0.0588,0.0588,3,0,0,51,3,0,0,51,0
aishell1_S0010_01,aishell1_snr15,streaming,long,0.0000,0.0000,0,0,0,55,0,0,0,55,0
aishell1_S0010_01,aishell1_snr15,non-streaming,long,0.0000,0.0000,0,0,0,55,0,0,0,55,0
aishell1_S0022_01,aishell1_snr15,streaming,long,0.1818,0.1818,11,1,0,66,11,1,0,66,0
aishell1_S0022_01,aishell1_snr15,non-streaming,long,0.1818,0.1818,11,1,0,66,11,1,0,66,0
aishell1_S0012_01,aishell1_snr15,streaming,long,0.0877,0.0877,5,0,0,57,5,0,0,57,0
aishell1_S0012_01,aishell1_snr15,non-streaming,long,0.0702,0.0702,4,0,0,57,4,0,0,57,0
aishell1_S0031_01,aishell1_snr15,streaming,long,0.0167,0.0167,1,0,0,60,1,0,0,60,0
aishell1_S0031_01,aishell1_snr15,non-streaming,long,0.0167,0.0167,1,0,0,60,1,0,0,60,0
aishell1_S0003_01,aishell1_snr15,streaming,long,0.0469,0.0469,3,0,0,64,3,0,0,64,0
aishell1_S0003_01,aishell1_snr15,non-streaming,long,0.0625,0.0625,4,0,0,64,4,0,0,64,0
aishell1_S0041_01,aishell1_snr15,streaming,very_long,0.0632,0.0632,3,3,0,95,3,3,0,95,0
aishell1_S0041_01,aishell1_snr15,non-streaming,very_long,0.1579,0.1579,3,3,9,95,3,3,9,95,0
aishell1_S0036_01,aishell1_snr15,streaming,very_long,0.1136,0.1136,10,0,0,88,10,0,0,88,0
aishell1_S0036_01,aishell1_snr15,non-streaming,very_long,0.1023,0.1023,9,0,0,88,9,0,0,88,0
aishell1_S0059_01,aishell1_snr15,streaming,very_long,0.2804,0.2804,27,3,0,107,27,3,0,107,0
aishell1_S0059_01,aishell1_snr15,non-streaming,very_long,0.2710,0.2710,27,2,0,107,27,2,0,107,0
aishell1_S0035_01,aishell1_snr15,streaming,very_long,0.0220,0.0220,2,0,0,91,2,0,0,91,0
aishell1_S0035_01,aishell1_snr15,non-streaming,very_long,0.0220,0.0220,2,0,0,91,2,0,0,91,0
aishell1_S0045_01,aishell1_snr15,streaming,very_long,0.1772,0.1772,11,3,0,79,11,3,0,79,0
aishell1_S0045_01,aishell1_snr15,non-streaming,very_long,0.1519,0.1519,9,3,0,79,9,3,0,79,0
aishell1_S0054_01,aishell1_snr15,streaming,very_long,0.0575,0.0575,5,0,0,87,5,0,0,87,0
aishell1_S0054_01,aishell1_snr15,non-streaming,very_long,0.0000,0.0000,0,0,0,87,0,0,0,87,0
aishell1_S0046_01,aishell1_snr15,streaming,very_long,0.2198,0.2198,17,3,0,91,17,3,0,91,0
aishell1_S0046_01,aishell1_snr15,non-streaming,very_long,0.1868,0.1868,14,3,0,91,14,3,0,91,0
aishell1_S0058_01,aishell1_snr15,streaming,very_long,0.1237,0.1237,12,0,0,97,12,0,0,97,0
aishell1_S0058_01,aishell1_snr15,non-streaming,very_long,0.1237,0.1237,12,0,0,97,12,0,0,97,0
aishell1_S0055_01,aishell1_snr15,streaming,very_long,0.0000,0.0000,0,0,0,95,0,0,0,95,0
aishell1_S0055_01,aishell1_snr15,non-streaming,very_long,0.0000,0.0000,0,0,0,95,0,0,0,95,0
aishell1_S0057_01,aishell1_snr15,streaming,very_long,0.0094,0.0094,1,0,0,106,1,0,0,106,0
aishell1_S0057_01,aishell1_snr15,non-streaming,very_long,0.0094,0.0094,1,0,0,106,1,0,0,106,0
aishell1_S0048_01,aishell1_snr15,streaming,very_long,0.2637,0.2637,20,4,0,91,20,4,0,91,0
aishell1_S0048_01,aishell1_snr15,non-streaming,very_long,0.3077,0.3077,23,3,2,91,23,3,2,91,0
aishell1_S0040_01,aishell1_snr15,streaming,very_long,0.0360,0.0360,4,0,0,111,4,0,0,111,0
aishell1_S0040_01,aishell1_snr15,non-streaming,very_long,0.0270,0.0270,3,0,0,111,3,0,0,111,0
aishell1_S0034_01,aishell1_snr15,streaming,very_long,0.2273,0.2273,18,6,1,110,18,6,1,110,0
aishell1_S0034_01,aishell1_snr15,non-streaming,very_long,0.2091,0.2091,16,6,1,110,16,6,1,110,0
aishell1_S0053_01,aishell1_snr15,streaming,very_long,0.1087,0.1087,9,0,1,92,9,0,1,92,0
aishell1_S0053_01,aishell1_snr15,non-streaming,very_long,0.0978,0.0978,8,0,1,92,8,0,1,92,0
aishell1_S0050_01,aishell1_snr15,streaming,very_long,0.2566,0.2566,21,8,0,113,21,8,0,113,0
aishell1_S0050_01,aishell1_snr15,non-streaming,very_long,0.2478,0.2478,17,11,0,113,17,11,0,113,0
aishell1_S0004_01,aishell1_snr20,streaming,long,0.0000,0.0000,0,0,0,54,0,0,0,54,0
aishell1_S0004_01,aishell1_snr20,non-streaming,long,0.0000,0.0000,0,0,0,54,0,0,0,54,0
aishell1_S0023_01,aishell1_snr20,streaming,long,0.2444,0.2444,6,5,0,45,6,5,0,45,0
aishell1_S0023_01,aishell1_snr20,non-streaming,long,0.2444,0.2444,6,5,0,45,6,5,0,45,0
aishell1_S0025_01,aishell1_snr20,streaming,long,0.0465,0.0465,1,0,1,43,1,0,1,43,0
aishell1_S0025_01,aishell1_snr20,non-streaming,long,0.0000,0.0000,0,0,0,43,0,0,0,43,0
aishell1_S0028_01,aishell1_snr20,streaming,long,0.0488,0.0488,2,0,0,41,2,0,0,41,0
aishell1_S0028_01,aishell1_snr20,non-streaming,long,0.0244,0.0244,1,0,0,41,1,0,0,41,0
aishell1_S0027_01,aishell1_snr20,streaming,long,0.0238,0.0238,1,0,0,42,1,0,0,42,0
aishell1_S0027_01,aishell1_snr20,non-streaming,long,0.0238,0.0238,1,0,0,42,1,0,0,42,0
aishell1_S0018_01,aishell1_snr20,streaming,long,0.0556,0.0556,3,0,0,54,3,0,0,54,0
aishell1_S0018_01,aishell1_snr20,non-streaming,long,0.0556,0.0556,3,0,0,54,3,0,0,54,0
aishell1_S0026_01,aishell1_snr20,streaming,long,0.2462,0.2462,10,6,0,65,10,6,0,65,0
aishell1_S0026_01,aishell1_snr20,non-streaming,long,0.2462,0.2462,10,6,0,65,10,6,0,65,0
aishell1_S0006_01,aishell1_snr20,streaming,long,0.4528,0.4528,13,11,0,53,13,11,0,53,0
aishell1_S0006_01,aishell1_snr20,non-streaming,long,0.5283,0.5283,13,15,0,53,13,15,0,53,0
aishell1_S0019_01,aishell1_snr20,streaming,long,0.0370,0.0370,2,0,0,54,2,0,0,54,0
aishell1_S0019_01,aishell1_snr20,non-streaming,long,0.0370,0.0370,2,0,0,54,2,0,0,54,0
aishell1_S0030_01,aishell1_snr20,streaming,long,0.0784,0.0784,4,0,0,51,4,0,0,51,0
aishell1_S0030_01,aishell1_snr20,non-streaming,long,0.0980,0.0980,5,0,0,51,5,0,0,51,0
aishell1_S0024_01,aishell1_snr20,streaming,long,0.0328,0.0328,2,0,0,61,2,0,0,61,0
aishell1_S0024_01,aishell1_snr20,non-streaming,long,0.0492,0.0492,3,0,0,61,3,0,0,61,0
aishell1_S0015_01,aishell1_snr20,streaming,long,0.0893,0.0893,5,0,0,56,5,0,0,56,0
aishell1_S0015_01,aishell1_snr20,non-streaming,long,0.0893,0.0893,5,0,0,56,5,0,0,56,0
aishell1_S0022_01,aishell1_snr20,streaming,long,0.2121,0.2121,13,1,0,66,13,1,0,66,0
aishell1_S0022_01,aishell1_snr20,non-streaming,long,0.1818,0.1818,11,1,0,66,11,1,0,66,0
aishell1_S0031_01,aishell1_snr20,streaming,long,0.0333,0.0333,2,0,0,60,2,0,0,60,0
aishell1_S0031_01,aishell1_snr20,non-streaming,long,0.0167,0.0167,1,0,0,60,1,0,0,60,0
aishell1_S0007_01,aishell1_snr20,streaming,long,0.0755,0.0755,4,0,0,53,4,0,0,53,0
aishell1_S0007_01,aishell1_snr20,non-streaming,long,0.0755,0.0755,4,0,0,53,4,0,0,53,0
aishell1_S0041_01,aishell1_snr20,streaming,very_long,0.0737,0.0737,3,3,1,95,3,3,1,95,0
aishell1_S0041_01,aishell1_snr20,non-streaming,very_long,0.1368,0.1368,3,3,7,95,3,3,7,95,0
aishell1_S0036_01,aishell1_snr20,streaming,very_long,0.1136,0.1136,10,0,0,88,10,0,0,88,0
aishell1_S0036_01,aishell1_snr20,non-streaming,very_long,0.1023,0.1023,9,0,0,88,9,0,0,88,0
aishell1_S0059_01,aishell1_snr20,streaming,very_long,0.2804,0.2804,27,3,0,107,27,3,0,107,0
aishell1_S0059_01,aishell1_snr20,non-streaming,very_long,0.2710,0.2710,27,2,0,107,27,2,0,107,0
aishell1_S0060_01,aishell1_snr20,streaming,very_long,0.2174,0.2174,12,8,0,92,12,8,0,92,0
aishell1_S0060_01,aishell1_snr20,non-streaming,very_long,0.2174,0.2174,12,8,0,92,12,8,0,92,0
aishell1_S0035_01,aishell1_snr20,streaming,very_long,0.0220,0.0220,2,0,0,91,2,0,0,91,0
aishell1_S0035_01,aishell1_snr20,non-streaming,very_long,0.0000,0.0000,0,0,0,91,0,0,0,91,0
aishell1_S0051_01,aishell1_snr20,streaming,very_long,0.2874,0.2874,17,8,0,87,17,8,0,87,0
aishell1_S0051_01,aishell1_snr20,non-streaming,very_long,0.2759,0.2759,16,8,0,87,16,8,0,87,0
aishell1_S0052_01,aishell1_snr20,streaming,very_long,0.0723,0.0723,6,0,0,83,6,0,0,83,0
aishell1_S0052_01,aishell1_snr20,non-streaming,very_long,0.0723,0.0723,6,0,0,83,6,0,0,83,0
aishell1_S0037_01,aishell1_snr20,streaming,very_long,0.2062,0.2062,19,0,1,97,19,0,1,97,0
aishell1_S0037_01,aishell1_snr20,non-streaming,very_long,0.1649,0.1649,15,0,1,97,15,0,1,97,0
aishell1_S0061_01,aishell1_snr20,streaming,very_long,0.0805,0.0805,6,0,1,87,6,0,1,87,0
aishell1_S0061_01,aishell1_snr20,non-streaming,very_long,0.0690,0.0690,6,0,0,87,6,0,0,87,0
aishell1_S0058_01,aishell1_snr20,streaming,very_long,0.1340,0.1340,13,0,0,97,13,0,0,97,0
aishell1_S0058_01,aishell1_snr20,non-streaming,very_long,0.1237,0.1237,12,0,0,97,12,0,0,97,0
aishell1_S0057_01,aishell1_snr20,streaming,very_long,0.0189,0.0189,2,0,0,106,2,0,0,106,0
aishell1_S0057_01,aishell1_snr20,non-streaming,very_long,0.0094,0.0094,1,0,0,106,1,0,0,106,0
aishell1_S0056_01,aishell1_snr20,streaming,very_long,0.1287,0.1287,7,5,1,101,7,5,1,101,0
aishell1_S0056_01,aishell1_snr20,non-streaming,very_long,0.1386,0.1386,8,5,1,101,8,5,1,101,0
aishell1_S0032_01,aishell1_snr20,streaming,very_long,0.0654,0.0654,7,0,0,107,7,0,0,107,0
aishell1_S0032_01,aishell1_snr20,non-streaming,very_long,0.0654,0.0654,7,0,0,107,7,0,0,107,0
aishell1_S0053_01,aishell1_snr20,streaming,very_long,0.1196,0.1196,10,0,1,92,10,0,1,92,0
aishell1_S0053_01,aishell1_snr20,non-streaming,very_long,0.0978,0.0978,8,0,1,92,8,0,1,92,0
aishell1_S0050_01,aishell1_snr20,streaming,very_long,0.2301,0.2301,18,8,0,113,18,8,0,113,0
aishell1_S0050_01,aishell1_snr20,non-streaming,very_long,0.2566,0.2566,18,11,0,113,18,11,0,113,0
aishell1_S0023_01,aishell1_speed09,streaming,long,0.2667,0.2667,7,5,0,45,7,5,0,45,0
aishell1_S0023_01,aishell1_speed09,non-streaming,long,0.2667,0.2667,7,5,0,45,7,5,0,45,0
aishell1_S0013_01,aishell1_speed09,streaming,long,0.1250,0.1250,6,0,0,48,6,0,0,48,0
aishell1_S0013_01,aishell1_speed09,non-streaming,long,0.1250,0.1250,6,0,0,48,6,0,0,48,0
aishell1_S0025_01,aishell1_speed09,streaming,long,0.0465,0.0465,1,0,1,43,1,0,1,43,0
aishell1_S0025_01,aishell1_speed09,non-streaming,long,0.0000,0.0000,0,0,0,43,0,0,0,43,0
aishell1_S0002_01,aishell1_speed09,streaming,long,0.2500,0.2500,10,0,1,44,10,0,1,44,0
aishell1_S0002_01,aishell1_speed09,non-streaming,long,0.1136,0.1136,4,0,1,44,4,0,1,44,0
aishell1_S0028_01,aishell1_speed09,streaming,long,0.0488,0.0488,2,0,0,41,2,0,0,41,0
aishell1_S0028_01,aishell1_speed09,non-streaming,long,0.0244,0.0244,1,0,0,41,1,0,0,41,0
aishell1_S0014_01,aishell1_speed09,streaming,long,0.1053,0.1053,3,1,0,38,3,1,0,38,0
aishell1_S0014_01,aishell1_speed09,non-streaming,long,0.1053,0.1053,3,1,0,38,3,1,0,38,0
aishell1_S0018_01,aishell1_speed09,streaming,long,0.1852,0.1852,10,0,0,54,10,0,0,54,0
aishell1_S0018_01,aishell1_speed09,non-streaming,long,0.1296,0.1296,7,0,0,54,7,0,0,54,0
aishell1_S0021_01,aishell1_speed09,streaming,long,0.3137,0.3137,15,0,1,51,15,0,1,51,0
aishell1_S0021_01,aishell1_speed09,non-streaming,long,0.1569,0.1569,8,0,0,51,8,0,0,51,0
aishell1_S0019_01,aishell1_speed09,streaming,long,0.1296,0.1296,7,0,0,54,7,0,0,54,0
aishell1_S0019_01,aishell1_speed09,non-streaming,long,0.0741,0.0741,4,0,0,54,4,0,0,54,0
aishell1_S0030_01,aishell1_speed09,streaming,long,0.1176,0.1176,6,0,0,51,6,0,0,51,0
aishell1_S0030_01,aishell1_speed09,non-streaming,long,0.1569,0.1569,8,0,0,51,8,0,0,51,0
aishell1_S0017_01,aishell1_speed09,streaming,long,0.0000,0.0000,0,0,0,53,0,0,0,53,0
aishell1_S0017_01,aishell1_speed09,non-streaming,long,0.0000,0.0000,0,0,0,53,0,0,0,53,0
aishell1_S0024_01,aishell1_speed09,streaming,long,0.0820,0.0820,5,0,0,61,5,0,0,61,0
aishell1_S0024_01,aishell1_speed09,non-streaming,long,0.0656,0.0656,4,0,0,61,4,0,0,61,0
aishell1_S0015_01,aishell1_speed09,streaming,long,0.1607,0.1607,9,0,0,56,9,0,0,56,0
aishell1_S0015_01,aishell1_speed09,non-streaming,long,0.1250,0.1250,7,0,0,56,7,0,0,56,0
aishell1_S0010_01,aishell1_speed09,streaming,long,0.0545,0.0545,3,0,0,55,3,0,0,55,0
aishell1_S0010_01,aishell1_speed09,non-streaming,long,0.0545,0.0545,3,0,0,55,3,0,0,55,0
aishell1_S0012_01,aishell1_speed09,streaming,long,0.1579,0.1579,9,0,0,57,9,0,0,57,0
aishell1_S0012_01,aishell1_speed09,non-streaming,long,0.1404,0.1404,8,0,0,57,8,0,0,57,0
aishell1_S0041_01,aishell1_speed09,streaming,very_long,0.0632,0.0632,3,3,0,95,3,3,0,95,0
aishell1_S0041_01,aishell1_speed09,non-streaming,very_long,0.0737,0.0737,3,3,1,95,3,3,1,95,0
aishell1_S0043_01,aishell1_speed09,streaming,very_long,0.0769,0.0769,5,0,2,91,5,0,2,91,0
aishell1_S0043_01,aishell1_speed09,non-streaming,very_long,0.0549,0.0549,5,0,0,91,5,0,0,91,0
aishell1_S0059_01,aishell1_speed09,streaming,very_long,0.3458,0.3458,34,3,0,107,34,3,0,107,0
aishell1_S0059_01,aishell1_speed09,non-streaming,very_long,0.3645,0.3645,36,3,0,107,36,3,0,107,0
aishell1_S0060_01,aishell1_speed09,streaming,very_long,0.2065,0.2065,11,8,0,92,11,8,0,92,0
aishell1_S0060_01,aishell1_speed09,non-streaming,very_long,0.2500,0.2500,15,8,0,92,15,8,0,92,0
aishell1_S0035_01,aishell1_speed09,streaming,very_long,0.0440,0.0440,3,0,1,91,3,0,1,91,0
aishell1_S0035_01,aishell1_speed09,non-streaming,very_long,0.0220,0.0220,2,0,0,91,2,0,0,91,0
aishell1_S0045_01,aishell1_speed09,streaming,very_long,0.2152,0.2152,13,3,1,79,13,3,1,79,0
aishell1_S0045_01,aishell1_speed09,non-streaming,very_long,0.1772,0.1772,11,3,0,79,11,3,0,79,0
aishell1_S0047_01,aishell1_speed09,streaming,very_long,0.0123,0.0123,1,0,0,81,1,0,0,81,0
aishell1_S0047_01,aishell1_speed09,non-streaming,very_long,0.0123,0.0123,1,0,0,81,1,0,0,81,0
aishell1_S0038_01,aishell1_speed09,streaming,very_long,0.2727,0.2727,19,0,5,88,19,0,5,88,0
aishell1_S0038_01,aishell1_speed09,non-streaming,very_long,0.2159,0.2159,16,0,3,88,16,0,3,88,0
aishell1_S0061_01,aishell1_speed09,streaming,very_long,0.1149,0.1149,9,0,1,87,9,0,1,87,0
aishell1_S0061_01,aishell1_speed09,non-streaming,very_long,0.0805,0.0805,7,0,0,87,7,0,0,87,0
aishell1_S0055_01,aishell1_speed09,streaming,very_long,0.1053,0.1053,9,0,1,95,9,0,1,95,0
aishell1_S0055_01,aishell1_speed09,non-streaming,very_long,0.3474,0.3474,33,0,0,95,33,0,0,95,0
aishell1_S0044_01,aishell1_speed09,streaming,very_long,0.0536,0.0536,4,2,0,112,4,2,0,112,0
aishell1_S0044_01,aishell1_speed09,non-streaming,very_long,0.0357,0.0357,3,1,0,112,3,1,0,112,0
aishell1_S0032_01,aishell1_speed09,streaming,very_long,0.1028,0.1028,10,0,1,107,10,0,1,107,0
aishell1_S0032_01,aishell1_speed09,non-streaming,very_long,0.0748,0.0748,7,0,1,107,7,0,1,107,0
aishell1_S0040_01,aishell1_speed09,streaming,very_long,0.0270,0.0270,3,0,0,111,3,0,0,111,0
aishell1_S0040_01,aishell1_speed09,non-streaming,very_long,0.0180,0.0180,2,0,0,111,2,0,0,111,0
aishell1_S0034_01,aishell1_speed09,streaming,very_long,0.2818,0.2818,25,5,1,110,25,5,1,110,0
aishell1_S0034_01,aishell1_speed09,non-streaming,very_long,0.2364,0.2364,19,6,1,110,19,6,1,110,0
aishell1_S0042_01,aishell1_speed09,streaming,very_long,0.1759,0.1759,12,5,2,108,12,5,2,108,0
aishell1_S0042_01,aishell1_speed09,non-streaming,very_long,0.1944,0.1944,14,5,2,108,14,5,2,108,0
aishell1_S0013_01,aishell1_speed11,streaming,medium,0.2292,0.2292,11,0,0,48,11,0,0,48,0
aishell1_S0013_01,aishell1_speed11,non-streaming,medium,0.1875,0.1875,9,0,0,48,9,0,0,48,0
aishell1_S0025_01,aishell1_speed11,streaming,medium,0.0233,0.0233,0,0,1,43,0,0,1,43,0
aishell1_S0025_01,aishell1_speed11,non-streaming,medium,0.0000,0.0000,0,0,0,43,0,0,0,43,0
aishell1_S0020_01,aishell1_speed11,streaming,medium,0.2083,0.2083,9,1,0,48,9,1,0,48,0
aishell1_S0020_01,aishell1_speed11,non-streaming,medium,0.1875,0.1875,8,1,0,48,8,1,0,48,0
aishell1_S0011_01,aishell1_speed11,streaming,long,0.1273,0.1273,7,0,0,55,7,0,0,55,0
aishell1_S0011_01,aishell1_speed11,non-streaming,long,0.0909,0.0909,5,0,0,55,5,0,0,55,0
aishell1_S0018_01,aishell1_speed11,streaming,long,0.1852,0.1852,10,0,0,54,10,0,0,54,0
aishell1_S0018_01,aishell1_speed11,non-streaming,long,0.0556,0.0556,3,0,0,54,3,0,0,54,0
aishell1_S0008_01,aishell1_speed11,streaming,long,0.1020,0.1020,5,0,0,49,5,0,0,49,0
aishell1_S0008_01,aishell1_speed11,non-streaming,long,0.1020,0.1020,5,0,0,49,5,0,0,49,0
aishell1_S0021_01,aishell1_speed11,streaming,long,0.2745,0.2745,13,0,1,51,13,0,1,51,0
aishell1_S0021_01,aishell1_speed11,non-streaming,long,0.2157,0.2157,11,0,0,51,11,0,0,51,0
aishell1_S0019_01,aishell1_speed11,streaming,long,0.1481,0.1481,8,0,0,54,8,0,0,54,0
aishell1_S0019_01,aishell1_speed11,non-streaming,long,0.1111,0.1111,6,0,0,54,6,0,0,54,0
aishell1_S0017_01,aishell1_speed11,streaming,long,0.0189,0.0189,1,0,0,53,1,0,0,53,0
aishell1_S0017_01,aishell1_speed11,non-streaming,long,0.0189,0.0189,1,0,0,53,1,0,0,53,0
aishell1_S0024_01,aishell1_speed11,streaming,long,0.1311,0.1311,6,0,2,61,6,0,2,61,0
aishell1_S0024_01,aishell1_speed11,non-streaming,long,0.0492,0.0492,3,0,0,61,3,0,0,61,0
aishell1_S0029_01,aishell1_speed11,streaming,long,0.3115,0.3115,17,0,2,61,17,0,2,61,0
aishell1_S0029_01,aishell1_speed11,non-streaming,long,0.2459,0.2459,14,0,1,61,14,0,1,61,0
aishell1_S0015_01,aishell1_speed11,streaming,long,0.1250,0.1250,7,0,0,56,7,0,0,56,0
aishell1_S0015_01,aishell1_speed11,non-streaming,long,0.1250,0.1250,7,0,0,56,7,0,0,56,0
aishell1_S0022_01,aishell1_speed11,streaming,long,0.3182,0.3182,20,1,0,66,20,1,0,66,0
aishell1_S0022_01,aishell1_speed11,non-streaming,long,0.3182,0.3182,20,1,0,66,20,1,0,66,0
aishell1_S0031_01,aishell1_speed11,streaming,long,0.0500,0.0500,3,0,0,60,3,0,0,60,0
aishell1_S0031_01,aishell1_speed11,non-streaming,long,0.0500,0.0500,3,0,0,60,3,0,0,60,0
aishell1_S0007_01,aishell1_speed11,streaming,long,0.1132,0.1132,5,0,1,53,5,0,1,53,0
aishell1_S0007_01,aishell1_speed11,non-streaming,long,0.0943,0.0943,5,0,0,53,5,0,0,53,0
aishell1_S0059_01,aishell1_speed11,streaming,long,0.3271,0.3271,32,3,0,107,32,3,0,107,0
aishell1_S0059_01,aishell1_speed11,non-streaming,long,0.3738,0.3738,32,2,6,107,32,2,6,107,0
aishell1_S0060_01,aishell1_speed11,streaming,long,0.2500,0.2500,15,8,0,92,15,8,0,92,0
aishell1_S0060_01,aishell1_speed11,non-streaming,long,0.2500,0.2500,15,8,0,92,15,8,0,92,0
aishell1_S0045_01,aishell1_speed11,streaming,long,0.1646,0.1646,10,3,0,79,10,3,0,79,0
aishell1_S0045_01,aishell1_speed11,non-streaming,long,0.1519,0.1519,9,3,0,79,9,3,0,79,0
aishell1_S0039_01,aishell1_speed11,streaming,long,0.0556,0.0556,5,0,0,90,5,0,0,90,0
aishell1_S0039_01,aishell1_speed11,non-streaming,long,0.0778,0.0778,7,0,0,90,7,0,0,90,0
aishell1_S0054_01,aishell1_speed11,streaming,long,0.1149,0.1149,10,0,0,87,10,0,0,87,0
aishell1_S0054_01,aishell1_speed11,non-streaming,long,0.0805,0.0805,7,0,0,87,7,0,0,87,0
aishell1_S0052_01,aishell1_speed11,streaming,long,0.1325,0.1325,11,0,0,83,11,0,0,83,0
aishell1_S0052_01,aishell1_speed11,non-streaming,long,0.0602,0.0602,5,0,0,83,5,0,0,83,0
aishell1_S0046_01,aishell1_speed11,streaming,long,0.2857,0.2857,23,3,0,91,23,3,0,91,0
aishell1_S0046_01,aishell1_speed11,non-streaming,long,0.1868,0.1868,14,3,0,91,14,3,0,91,0
aishell1_S0037_01,aishell1_speed11,streaming,long,0.2268,0.2268,20,1,1,97,20,1,1,97,0
aishell1_S0037_01,aishell1_speed11,non-streaming,long,0.2268,0.2268,20,1,1,97,20,1,1,97,0
aishell1_S0057_01,aishell1_speed11,streaming,very_long,0.1321,0.1321,12,1,1,106,12,1,1,106,0
aishell1_S0057_01,aishell1_speed11,non-streaming,very_long,0.0472,0.0472,5,0,0,106,5,0,0,106,0
aishell1_S0044_01,aishell1_speed11,streaming,very_long,0.0446,0.0446,5,0,0,112,5,0,0,112,0
aishell1_S0044_01,aishell1_speed11,non-streaming,very_long,0.0536,0.0536,5,1,0,112,5,1,0,112,0
aishell1_S0048_01,aishell1_speed11,streaming,very_long,0.4615,0.4615,34,4,4,91,34,4,4,91,0
aishell1_S0048_01,aishell1_speed11,non-streaming,very_long,0.3846,0.3846,29,2,4,91,29,2,4,91,0
aishell1_S0040_01,aishell1_speed11,streaming,very_long,0.0541,0.0541,6,0,0,111,6,0,0,111,0
aishell1_S0040_01,aishell1_speed11,non-streaming,very_long,0.0450,0.0450,5,0,0,111,5,0,0,111,0
aishell1_S0034_01,aishell1_speed11,streaming,very_long,0.2636,0.2636,22,6,1,110,22,6,1,110,0
aishell1_S0034_01,aishell1_speed11,non-streaming,very_long,0.2364,0.2364,19,6,1,110,19,6,1,110,0
aishell1_S0042_01,aishell1_speed11,streaming,very_long,0.2130,0.2130,15,5,3,108,15,5,3,108,0
aishell1_S0042_01,aishell1_speed11,non-streaming,very_long,0.2037,0.2037,15,5,2,108,15,5,2,108,0
aishell1_S0050_01,aishell1_speed11,streaming,very_long,0.3894,0.3894,35,9,0,113,35,9,0,113,0
aishell1_S0050_01,aishell1_speed11,non-streaming,very_long,0.3009,0.3009,22,12,0,113,22,12,0,113,0
librispeech_1580-141084,librispeech_babble,streaming,long,0.0698,0.0137,2,1,0,43,1,2,0,219,0
librispeech_1580-141084,librispeech_babble,non-streaming,long,0.0233,0.0091,1,0,0,43,1,1,0,219,0
librispeech_1284-1181,librispeech_babble,streaming,long,1.0000,1.0000,0,41,0,41,0,237,0,237,1
librispeech_1284-1181,librispeech_babble,non-streaming,long,0.0244,0.0084,1,0,0,41,0,2,0,237,0
librispeech_1995-1836,librispeech_babble,streaming,long,1.0000,1.0000,0,41,0,41,0,230,0,230,1
librispeech_1995-1836,librispeech_babble,non-streaming,long,0.0488,0.0435,2,0,0,41,0,4,6,230,0
librispeech_1284-1180,librispeech_babble,streaming,long,1.0000,1.0000,0,50,0,50,0,249,0,249,1
librispeech_1284-1180,librispeech_babble,non-streaming,long,0.0000,0.0000,0,0,0,50,0,0,0,249,0
librispeech_1995-1837,librispeech_babble,streaming,long,0.0426,0.0044,1,1,0,47,0,1,0,227,0
librispeech_1995-1837,librispeech_babble,non-streaming,long,0.0000,0.0000,0,0,0,47,0,0,0,227,0
librispeech_121-123852,librispeech_babble,streaming,long,0.1034,0.0180,2,1,0,29,1,2,0,167,0
librispeech_121-123852,librispeech_babble,non-streaming,long,0.0690,0.0060,1,0,1,29,0,0,1,167,0
librispeech_1284-134647,librispeech_babble,streaming,long,0.0417,0.0034,1,1,0,48,0,1,0,291,0
librispeech_1284-134647,librispeech_babble,non-streaming,long,0.0000,0.0000,0,0,0,48,0,0,0,291,0
librispeech_1995-1826,librispeech_babble,streaming,long,0.0741,0.0286,3,1,0,54,3,6,0,315,0
librispeech_1995-1826,librispeech_babble,non-streaming,long,0.0370,0.0254,2,0,0,54,3,5,0,315,0
librispeech_260-123440,librispeech_babble,streaming,long,1.0000,1.0000,0,53,0,53,0,272,0,272,1
librispeech_260-123440,librispeech_babble,non-streaming,long,0.0000,0.0000,0,0,0,53,0,0,0,272,0
librispeech_1188-133604,librispeech_babble,streaming,long,0.0541,0.0045,1,1,0,37,0,1,0,224,0
librispeech_1188-133604,librispeech_babble,non-streaming,long,0.0000,0.0000,0,0,0,37,0,0,0,224,0
librispeech_2300-131720,librispeech_babble,streaming,long,0.0870,0.0560,2,2,0,46,4,11,0,268,0
librispeech_2300-131720,librispeech_babble,non-streaming,long,0.0435,0.0522,1,1,0,46,4,10,0,268,0
librispeech_1320-122617,librispeech_babble,streaming,long,1.0000,1.0000,0,59,0,59,0,344,0,344,1
librispeech_1320-122617,librispeech_babble,non-streaming,long,0.0169,0.0029,1,0,0,59,1,0,0,344,0
librispeech_2830-3979,librispeech_babble,streaming,long,1.0000,1.0000,0,68,0,68,0,364,0,364,1
librispeech_2830-3979,librispeech_babble,non-streaming,long,0.0000,0.0000,0,0,0,68,0,0,0,364,0
librispeech_1221-135767,librispeech_babble,streaming,long,1.0000,1.0000,0,72,0,72,0,396,0,396,1
librispeech_1221-135767,librispeech_babble,non-streaming,long,0.0139,0.0025,1,0,0,72,0,1,0,396,0
librispeech_237-126133,librispeech_babble,streaming,long,1.0000,1.0000,0,75,0,75,0,416,0,416,1
librispeech_237-126133,librispeech_babble,non-streaming,long,0.0000,0.0000,0,0,0,75,0,0,0,416,0
librispeech_6829-68769,librispeech_babble,streaming,very_long,0.0659,0.0295,4,1,1,91,0,10,4,474,0
librispeech_6829-68769,librispeech_babble,non-streaming,very_long,0.0659,0.0485,3,0,3,91,0,9,14,474,0
librispeech_61-70968,librispeech_babble,streaming,very_long,0.0575,0.0072,2,3,0,87,0,3,0,419,0
librispeech_61-70968,librispeech_babble,non-streaming,very_long,0.0000,0.0000,0,0,0,87,0,0,0,419,0
librispeech_5683-32865,librispeech_babble,streaming,very_long,1.0000,1.0000,0,63,0,63,0,365,0,365,1
librispeech_5683-32865,librispeech_babble,non-streaming,very_long,0.0317,0.0055,2,0,0,63,2,0,0,365,0
librispeech_5105-28233,librispeech_babble,streaming,very_long,1.0000,1.0000,0,89,0,89,0,497,0,497,1
librispeech_5105-28233,librispeech_babble,non-streaming,very_long,0.0112,0.0040,1,0,0,89,2,0,0,497,0
librispeech_5105-28240,librispeech_babble,streaming,very_long,0.0805,0.0196,5,1,1,87,5,3,1,460,0
librispeech_5105-28240,librispeech_babble,non-streaming,very_long,0.0575,0.0174,4,0,1,87,5,2,1,460,0
librispeech_3570-5695,librispeech_babble,streaming,very_long,0.0194,0.0017,1,1,0,103,0,1,0,600,0
librispeech_3570-5695,librispeech_babble,non-streaming,very_long,0.0000,0.0000,0,0,0,103,0,0,0,600,0
librispeech_5142-33396,librispeech_babble,streaming,very_long,0.0612,0.0265,5,1,0,98,5,8,0,491,0
librispeech_5142-33396,librispeech_babble,non-streaming,very_long,0.0408,0.0244,4,0,0,98,5,7,0,491,0
librispeech_672-122797,librispeech_babble,streaming,very_long,0.0482,0.0050,2,2,0,83,0,2,0,399,0
librispeech_672-122797,librispeech_babble,non-streaming,very_long,0.0241,0.0025,1,1,0,83,0,1,0,399,0
librispeech_4970-29095,librispeech_babble,streaming,very_long,1.0000,1.0000,0,84,0,84,0,430,0,430,1
librispeech_4970-29095,librispeech_babble,non-streaming,very_long,0.0119,0.0047,1,0,0,84,0,2,0,430,0
librispeech_3570-5696,librispeech_babble,streaming,very_long,0.0455,0.0121,2,2,1,110,2,3,3,663,0
librispeech_3570-5696,librispeech_babble,non-streaming,very_long,0.0273,0.0106,1,1,1,110,2,2,3,663,0
librispeech_5639-40744,librispeech_babble,streaming,very_long,0.0566,0.0083,4,2,0,106,0,4,1,604,0
librispeech_5639-40744,librispeech_babble,non-streaming,very_long,0.0377,0.0066,3,1,0,106,0,3,1,604,0
librispeech_4992-23283,librispeech_babble,streaming,very_long,0.0632,0.0175,5,1,0,95,3,6,0,514,0
librispeech_4992-23283,librispeech_babble,non-streaming,very_long,0.0421,0.0156,4,0,0,95,3,5,0,514,0
librispeech_4992-41806,librispeech_babble,streaming,very_long,0.1034,0.0379,9,3,0,116,8,16,0,633,0
librispeech_4992-41806,librispeech_babble,non-streaming,very_long,0.0862,0.0363,8,2,0,116,8,15,0,633,0
librispeech_4077-13751,librispeech_babble,streaming,very_long,1.0000,1.0000,0,111,0,111,0,654,0,654,1
librispeech_4077-13751,librispeech_babble,non-streaming,very_long,0.0721,0.0596,5,3,0,111,10,29,0,654,0
librispeech_3570-5694,librispeech_babble,streaming,very_long,0.0426,0.0112,4,1,1,141,2,1,6,803,0
librispeech_3570-5694,librispeech_babble,non-streaming,very_long,0.0284,0.0100,3,0,1,141,2,0,6,803,0
librispeech_121-121726,librispeech_clean,streaming,long,0.2000,0.0581,2,2,1,25,0,2,7,155,0
librispeech_121-121726,librispeech_clean,non-streaming,long,0.0800,0.0065,1,1,0,25,0,1,0,155,0
librispeech_1580-141084,librispeech_clean,streaming,long,0.0698,0.0137,2,1,0,43,1,2,0,219,0
librispeech_1580-141084,librispeech_clean,non-streaming,long,0.0233,0.0091,1,0,0,43,1,1,0,219,0
librispeech_1284-1181,librispeech_clean,streaming,long,0.0488,0.0127,1,1,0,41,0,3,0,237,0
librispeech_1284-1181,librispeech_clean,non-streaming,long,0.0244,0.0084,1,0,0,41,0,2,0,237,0
librispeech_1995-1836,librispeech_clean,streaming,long,0.0976,0.0478,3,1,0,41,0,5,6,230,0
librispeech_1995-1836,librispeech_clean,non-streaming,long,0.0488,0.0435,2,0,0,41,0,4,6,230,0
librispeech_121-127105,librispeech_clean,streaming,long,0.0952,0.0082,2,1,1,42,0,1,1,244,0
librispeech_121-127105,librispeech_clean,non-streaming,long,0.0476,0.0041,1,0,1,42,0,0,1,244,0
librispeech_1284-1180,librispeech_clean,streaming,long,0.0600,0.0120,2,1,0,50,1,2,0,249,0
librispeech_1284-1180,librispeech_clean,non-streaming,long,0.0200,0.0080,1,0,0,50,1,1,0,249,0
librispeech_1995-1837,librispeech_clean,streaming,long,0.0426,0.0044,1,1,0,47,0,1,0,227,0
librispeech_1995-1837,librispeech_clean,non-streaming,long,0.0000,0.0000,0,0,0,47,0,0,0,227,0
librispeech_260-123288,librispeech_clean,streaming,long,0.1111,0.0186,3,1,0,36,1,3,0,215,0
librispeech_260-123288,librispeech_clean,non-streaming,long,0.0556,0.0140,2,0,0,36,1,2,0,215,0
librispeech_121-123859,librispeech_clean,streaming,long,0.0811,0.0116,2,1,0,37,0,1,1,172,0
librispeech_121-123859,librispeech_clean,non-streaming,long,0.0270,0.0058,1,0,0,37,0,0,1,172,0
librispeech_121-123852,librispeech_clean,streaming,long,0.1379,0.0120,2,1,1,29,0,1,1,167,0
librispeech_121-123852,librispeech_clean,non-streaming,long,0.0690,0.0060,1,0,1,29,0,0,1,167,0
librispeech_237-134500,librispeech_clean,streaming,long,0.0465,0.0044,1,1,0,43,0,1,0,228,0
librispeech_237-134500,librispeech_clean,non-streaming,long,0.0000,0.0000,0,0,0,43,0,0,0,228,0
librispeech_2830-3980,librispeech_clean,streaming,long,0.0577,0.0154,2,1,0,52,0,4,0,260,0
librispeech_2830-3980,librispeech_clean,non-streaming,long,0.0192,0.0115,1,0,0,52,0,3,0,260,0
librispeech_1284-134647,librispeech_clean,streaming,long,0.0625,0.0344,1,1,1,48,0,1,9,291,0
librispeech_1284-134647,librispeech_clean,non-streaming,long,0.0208,0.0309,0,0,1,48,0,0,9,291,0
librispeech_1580-141083,librispeech_clean,streaming,long,0.0312,0.0029,1,1,0,64,0,1,0,342,0
librispeech_1580-141083,librispeech_clean,non-streaming,long,0.0000,0.0000,0,0,0,64,0,0,0,342,0
librispeech_1089-134691,librispeech_clean,streaming,long,0.0351,0.0035,1,1,0,57,0,1,0,282,0
librispeech_1089-134691,librispeech_clean,non-streaming,long,0.0000,0.0000,0,0,0,57,0,0,0,282,0
librispeech_1995-1826,librispeech_clean,streaming,long,0.0556,0.0063,2,1,0,54,1,1,0,315,0
librispeech_1995-1826,librispeech_clean,non-streaming,long,0.0370,0.0254,2,0,0,54,3,5,0,315,0
librispeech_260-123440,librispeech_clean,streaming,long,0.0377,0.0037,1,1,0,53,0,1,0,272,0
librispeech_260-123440,librispeech_clean,non-streaming,long,0.0000,0.0000,0,0,0,53,0,0,0,272,0
librispeech_1188-133604,librispeech_clean,streaming,long,0.0541,0.0045,1,1,0,37,0,1,0,224,0
librispeech_1188-133604,librispeech_clean,non-streaming,long,0.0000,0.0000,0,0,0,37,0,0,0,224,0
librispeech_2300-131720,librispeech_clean,streaming,long,0.0435,0.0037,1,1,0,46,0,1,0,268,0
librispeech_2300-131720,librispeech_clean,non-streaming,long,0.0435,0.0522,1,1,0,46,4,10,0,268,0
librispeech_260-123286,librispeech_clean,streaming,long,0.0435,0.0405,1,1,0,46,2,8,0,247,0
librispeech_260-123286,librispeech_clean,non-streaming,long,0.0217,0.0364,1,0,0,46,2,7,0,247,0
librispeech_1089-134686,librispeech_clean,streaming,long,0.0926,0.0098,3,2,0,54,0,3,0,306,0
librispeech_1089-134686,librispeech_clean,non-streaming,long,0.0556,0.0065,2,1,0,54,0,2,0,306,0
librispeech_1320-122617,librispeech_clean,streaming,long,0.0508,0.0058,2,1,0,59,1,1,0,344,0
librispeech_1320-122617,librispeech_clean,non-streaming,long,0.0169,0.0029,1,0,0,59,1,0,0,344,0
librispeech_2094-142345,librispeech_clean,streaming,long,0.0816,0.0071,2,2,0,49,0,2,0,280,0
librispeech_2094-142345,librispeech_clean,non-streaming,long,0.0408,0.0036,1,1,0,49,0,1,0,280,0
librispeech_2830-3979,librispeech_clean,streaming,long,0.0294,0.0027,1,1,0,68,0,1,0,364,0
librispeech_2830-3979,librispeech_clean,non-streaming,long,0.0000,0.0000,0,0,0,68,0,0,0,364,0
librispeech_1320-122612,librispeech_clean,streaming,long,0.0282,0.0026,1,1,0,71,0,1,0,385,0
librispeech_1320-122612,librispeech_clean,non-streaming,long,0.0000,0.0000,0,0,0,71,0,0,0,385,0
librispeech_237-134493,librispeech_clean,streaming,long,0.1321,0.0280,3,3,1,53,0,3,5,286,0
librispeech_237-134493,librispeech_clean,non-streaming,long,0.0377,0.0035,1,1,0,53,0,1,0,286,0
librispeech_1221-135767,librispeech_clean,streaming,long,0.0417,0.0051,2,1,0,72,0,2,0,396,0
librispeech_1221-135767,librispeech_clean,non-streaming,long,0.0278,0.0051,2,0,0,72,0,2,0,396,0
librispeech_237-126133,librispeech_clean,streaming,long,0.0267,0.0024,1,1,0,75,0,1,0,416,0
librispeech_237-126133,librispeech_clean,non-streaming,long,0.0133,0.0144,0,0,1,75,0,0,6,416,0
librispeech_2961-960,librispeech_clean,streaming,long,0.0588,0.0069,2,1,0,51,1,1,0,291,0
librispeech_2961-960,librispeech_clean,non-streaming,long,0.0588,0.0447,0,0,3,51,0,0,13,291,0
librispeech_1221-135766,librispeech_clean,streaming,long,0.0353,0.0044,2,1,0,85,0,2,0,458,0
librispeech_1221-135766,librispeech_clean,non-streaming,long,0.0353,0.0044,2,1,0,85,0,2,0,458,0
librispeech_6829-68769,librispeech_clean,streaming,very_long,0.0659,0.0295,4,1,1,91,0,10,4,474,0
librispeech_6829-68769,librispeech_clean,non-streaming,very_long,0.0440,0.0274,3,0,1,91,0,9,4,474,0
librispeech_4446-2275,librispeech_clean,streaming,very_long,0.0337,0.0061,2,1,0,89,1,2,0,494,0
librispeech_4446-2275,librispeech_clean,non-streaming,very_long,0.0112,0.0040,1,0,0,89,1,1,0,494,0
librispeech_4446-2271,librispeech_clean,streaming,very_long,0.0602,0.0063,3,1,1,83,0,2,1,473,0
librispeech_4446-2271,librispeech_clean,non-streaming,very_long,0.0602,0.0085,3,0,2,83,0,0,4,473,0
librispeech_5683-32866,librispeech_clean,streaming,very_long,0.0972,0.0126,4,3,0,72,2,3,0,396,0
librispeech_5683-32866,librispeech_clean,non-streaming,very_long,0.0833,0.0101,4,2,0,72,2,2,0,396,0
librispeech_61-70968,librispeech_clean,streaming,very_long,0.0230,0.0024,1,1,0,87,0,1,0,419,0
librispeech_61-70968,librispeech_clean,non-streaming,very_long,0.0000,0.0000,0,0,0,87,0,0,0,419,0
librispeech_4507-16021,librispeech_clean,streaming,very_long,0.1458,0.0514,5,1,1,48,2,6,5,253,0
librispeech_4507-16021,librispeech_clean,non-streaming,very_long,0.0417,0.0079,2,0,0,48,2,0,0,253,0
librispeech_5683-32865,librispeech_clean,streaming,very_long,0.0635,0.0082,3,1,0,63,2,1,0,365,0
librispeech_5683-32865,librispeech_clean,non-streaming,very_long,0.0476,0.0082,3,0,0,63,2,0,1,365,0
librispeech_4446-2273,librispeech_clean,streaming,very_long,0.0196,0.0019,1,1,0,102,0,1,0,539,0
librispeech_4446-2273,librispeech_clean,non-streaming,very_long,0.0000,0.0000,0,0,0,102,0,0,0,539,0
librispeech_61-70970,librispeech_clean,streaming,very_long,0.0625,0.0157,5,1,0,96,3,5,0,508,0
librispeech_61-70970,librispeech_clean,non-streaming,very_long,0.0417,0.0157,3,1,0,96,3,5,0,508,0
librispeech_5105-28233,librispeech_clean,streaming,very_long,0.0337,0.0040,2,1,0,89,1,1,0,497,0
librispeech_5105-28233,librispeech_clean,non-streaming,very_long,0.0112,0.0040,1,0,0,89,2,0,0,497,0
librispeech_5105-28240,librispeech_clean,streaming,very_long,0.0575,0.0152,4,1,0,87,4,3,0,460,0
librispeech_5105-28240,librispeech_clean,non-streaming,very_long,0.0345,0.0109,3,0,0,87,3,2,0,460,0
librispeech_3570-5695,librispeech_clean,streaming,very_long,0.0194,0.0017,1,1,0,103,0,1,0,600,0
librispeech_3570-5695,librispeech_clean,non-streaming,very_long,0.0000,0.0000,0,0,0,103,0,0,0,600,0
librispeech_3729-6852,librispeech_clean,streaming,very_long,0.0345,0.0065,2,1,0,87,1,1,1,464,0
librispeech_3729-6852,librispeech_clean,non-streaming,very_long,0.0230,0.0043,2,0,0,87,1,0,1,464,0
librispeech_4077-13754,librispeech_clean,streaming,very_long,0.0247,0.0020,1,1,0,81,0,1,0,509,0
librispeech_4077-13754,librispeech_clean,non-streaming,very_long,0.0000,0.0000,0,0,0,81,0,0,0,509,0
librispeech_3575-170457,librispeech_clean,streaming,very_long,0.0526,0.0105,3,2,0,95,1,3,1,474,0
librispeech_3575-170457,librispeech_clean,non-streaming,very_long,0.0526,0.0148,3,2,0,95,2,4,1,474,0
librispeech_5142-33396,librispeech_clean,streaming,very_long,0.0612,0.0387,3,2,1,98,3,8,8,491,0
librispeech_5142-33396,librispeech_clean,non-streaming,very_long,0.0102,0.0020,1,0,0,98,1,0,0,491,0
librispeech_4992-41797,librispeech_clean,streaming,very_long,0.1474,0.0358,12,2,0,95,2,7,8,475,0
librispeech_4992-41797,librispeech_clean,non-streaming,very_long,0.1474,0.0358,13,1,0,95,2,6,9,475,0
librispeech_672-122797,librispeech_clean,streaming,very_long,0.0241,0.0025,1,1,0,83,0,1,0,399,0
librispeech_672-122797,librispeech_clean,non-streaming,very_long,0.0482,0.0050,2,2,0,83,0,2,0,399,0
librispeech_5142-36377,librispeech_clean,streaming,very_long,0.0357,0.0034,2,2,0,112,0,2,0,587,0
librispeech_5142-36377,librispeech_clean,non-streaming,very_long,0.0000,0.0000,0,0,0,112,0,0,0,587,0
librispeech_4970-29095,librispeech_clean,streaming,very_long,0.0238,0.0023,1,1,0,84,0,1,0,430,0
librispeech_4970-29095,librispeech_clean,non-streaming,very_long,0.0000,0.0000,0,0,0,84,0,0,0,430,0
librispeech_5683-32879,librispeech_clean,streaming,very_long,0.0455,0.0128,3,1,0,88,3,2,1,468,0
librispeech_5683-32879,librispeech_clean,non-streaming,very_long,0.0114,0.0043,1,0,0,88,1,0,1,468,0
librispeech_2961-961,librispeech_clean,streaming,very_long,0.0247,0.0023,1,1,0,81,0,1,0,435,0
librispeech_2961-961,librispeech_clean,non-streaming,very_long,0.0000,0.0000,0,0,0,81,0,0,0,435,0
librispeech_3570-5696,librispeech_clean,streaming,very_long,0.0455,0.0090,3,2,0,110,2,3,1,663,0
librispeech_3570-5696,librispeech_clean,non-streaming,very_long,0.0273,0.0075,2,1,0,110,2,2,1,663,0
librispeech_5639-40744,librispeech_clean,streaming,very_long,0.0849,0.0116,6,3,0,106,1,5,1,604,0
librispeech_5639-40744,librispeech_clean,non-streaming,very_long,0.0377,0.0066,3,1,0,106,0,3,1,604,0
librispeech_4992-23283,librispeech_clean,streaming,very_long,0.0526,0.0214,3,1,1,95,7,2,2,514,0
librispeech_4992-23283,librispeech_clean,non-streaming,very_long,0.0211,0.0097,2,0,0,95,1,4,0,514,0
librispeech_5105-28241,librispeech_clean,streaming,very_long,0.0364,0.0031,2,2,0,110,0,2,0,650,0
librispeech_5105-28241,librispeech_clean,non-streaming,very_long,0.0182,0.0015,1,1,0,110,0,1,0,650,0
librispeech_4992-41806,librispeech_clean,streaming,very_long,0.1034,0.0348,9,3,0,116,3,18,1,633,0
librispeech_4992-41806,librispeech_clean,non-streaming,very_long,0.0862,0.0332,8,2,0,116,3,17,1,633,0
librispeech_4970-29093,librispeech_clean,streaming,very_long,0.0270,0.0084,2,1,0,111,0,5,0,592,0
librispeech_4970-29093,librispeech_clean,non-streaming,very_long,0.0270,0.0152,3,0,0,111,3,5,1,592,0
librispeech_4077-13751,librispeech_clean,streaming,very_long,0.0901,0.0612,6,4,0,111,10,30,0,654,0
librispeech_4077-13751,librispeech_clean,non-streaming,very_long,0.0721,0.0596,5,3,0,111,10,29,0,654,0
librispeech_3570-5694,librispeech_clean,streaming,very_long,0.0426,0.0087,5,1,0,141,2,2,3,803,0
librispeech_3570-5694,librispeech_clean,non-streaming,very_long,0.0213,0.0062,3,0,0,141,2,0,3,803,0
librispeech_6829-68771,librispeech_clean,streaming,extra_long,0.0637,0.0174,7,2,1,157,2,12,2,917,0
librispeech_6829-68771,librispeech_clean,non-streaming,extra_long,0.0573,0.0174,7,1,1,157,2,12,2,917,0
librispeech_8230-279154,librispeech_clean,streaming,extra_long,0.0290,0.0153,2,1,1,138,1,1,11,852,0
librispeech_8230-279154,librispeech_clean,non-streaming,extra_long,0.0072,0.0012,1,0,0,138,1,0,0,852,0
librispeech_7176-92135,librispeech_clean,streaming,extra_long,0.0333,0.0076,4,2,0,180,2,5,0,925,0
librispeech_7176-92135,librispeech_clean,non-streaming,extra_long,0.0222,0.0054,3,1,0,180,2,3,0,925,0
librispeech_7729-102255,librispeech_clean,streaming,extra_long,0.0963,0.0649,6,5,2,135,11,32,12,848,0
librispeech_7729-102255,librispeech_clean,non-streaming,extra_long,0.0815,0.0578,6,4,1,135,11,33,5,848,0
librispeech_7127-75946,librispeech_clean,streaming,extra_long,0.0347,0.0043,4,2,0,173,1,3,0,936,0
librispeech_7127-75946,librispeech_clean,non-streaming,extra_long,0.0231,0.0032,3,1,0,173,1,1,1,936,0
librispeech_6930-81414,librispeech_clean,streaming,extra_long,0.0203,0.0027,2,1,0,148,1,1,0,749,0
librispeech_6930-81414,librispeech_clean,non-streaming,extra_long,0.0068,0.0013,1,0,0,148,1,0,0,749,0
librispeech_8224-274384,librispeech_clean,streaming,extra_long,0.0286,0.0081,3,1,0,140,1,4,1,741,0
librispeech_8224-274384,librispeech_clean,non-streaming,extra_long,0.0429,0.0094,3,3,0,140,0,6,1,741,0
librispeech_6930-76324,librispeech_clean,streaming,extra_long,0.0426,0.0141,7,1,0,188,6,8,0,992,0
librispeech_6930-76324,librispeech_clean,non-streaming,extra_long,0.0426,0.0141,7,1,0,188,6,8,0,992,0
librispeech_8224-274381,librispeech_clean,streaming,extra_long,0.0320,0.0195,2,2,0,125,2,13,0,771,0
librispeech_8224-274381,librispeech_clean,non-streaming,extra_long,0.0080,0.0013,1,0,0,125,1,0,0,771,0
librispeech_7021-85628,librispeech_clean,streaming,extra_long,0.0390,0.0039,3,3,0,154,0,3,0,761,0
librispeech_7021-85628,librispeech_clean,non-streaming,extra_long,0.0260,0.0026,2,2,0,154,0,2,0,761,0
librispeech_7021-79730,librispeech_clean,streaming,extra_long,0.0839,0.0197,9,3,0,143,8,8,0,814,0
librispeech_7021-79730,librispeech_clean,non-streaming,extra_long,0.0490,0.0074,5,2,0,143,0,6,0,814,0
librispeech_7176-88083,librispeech_clean,streaming,extra_long,0.0372,0.0039,4,3,0,188,0,4,0,1024,0
librispeech_7176-88083,librispeech_clean,non-streaming,extra_long,0.0266,0.0029,3,2,0,188,0,3,0,1024,0
librispeech_6930-75918,librispeech_clean,streaming,extra_long,0.0158,0.0037,2,1,0,190,0,4,0,1071,0
librispeech_6930-75918,librispeech_clean,non-streaming,extra_long,0.0053,0.0028,1,0,0,190,0,3,0,1071,0
librispeech_7021-79740,librispeech_clean,streaming,extra_long,0.0395,0.0064,5,1,1,177,1,3,2,936,0
librispeech_7021-79740,librispeech_clean,non-streaming,extra_long,0.0113,0.0075,1,0,1,177,1,0,6,936,0
librispeech_7127-75947,librispeech_clean,streaming,extra_long,0.0169,0.0029,2,1,0,178,2,1,0,1029,0
librispeech_7127-75947,librispeech_clean,non-streaming,extra_long,0.0169,0.0029,2,1,0,178,2,1,0,1029,0
librispeech_121-121726,librispeech_snr10,streaming,long,0.2000,0.0581,2,2,1,25,0,2,7,155,0
librispeech_121-121726,librispeech_snr10,non-streaming,long,0.1200,0.0645,1,2,0,25,0,10,0,155,0
librispeech_1284-1181,librispeech_snr10,streaming,long,0.0732,0.0169,2,1,0,41,1,3,0,237,0
librispeech_1284-1181,librispeech_snr10,non-streaming,long,0.0488,0.0127,2,0,0,41,1,2,0,237,0
librispeech_1995-1836,librispeech_snr10,streaming,long,0.0976,0.0478,3,1,0,41,0,5,6,230,0
librispeech_1995-1836,librispeech_snr10,non-streaming,long,0.0488,0.0435,2,0,0,41,0,4,6,230,0
librispeech_1284-1180,librispeech_snr10,streaming,long,0.0600,0.0120,2,1,0,50,1,2,0,249,0
librispeech_1284-1180,librispeech_snr10,non-streaming,long,0.0200,0.0080,1,0,0,50,1,1,0,249,0
librispeech_1995-1837,librispeech_snr10,streaming,long,0.0426,0.0044,1,1,0,47,0,1,0,227,0
librispeech_1995-1837,librispeech_snr10,non-streaming,long,0.0000,0.0000,0,0,0,47,0,0,0,227,0
librispeech_121-123852,librispeech_snr10,streaming,long,0.1379,0.0120,2,1,1,29,0,1,1,167,0
librispeech_121-123852,librispeech_snr10,non-streaming,long,0.0690,0.0060,1,0,1,29,0,0,1,167,0
librispeech_237-134500,librispeech_snr10,streaming,long,0.0465,0.0044,1,1,0,43,0,1,0,228,0
librispeech_237-134500,librispeech_snr10,non-streaming,long,0.0000,0.0000,0,0,0,43,0,0,0,228,0
librispeech_1284-134647,librispeech_snr10,streaming,long,0.0417,0.0034,1,1,0,48,1,0,0,291,0
librispeech_1284-134647,librispeech_snr10,non-streaming,long,0.0208,0.0034,1,0,0,48,0,0,1,291,0
librispeech_1995-1826,librispeech_snr10,streaming,long,0.0741,0.0286,3,1,0,54,3,6,0,315,0
librispeech_1995-1826,librispeech_snr10,non-streaming,long,0.0370,0.0254,2,0,0,54,3,5,0,315,0
librispeech_260-123440,librispeech_snr10,streaming,long,0.0377,0.0037,1,1,0,53,0,1,0,272,0
librispeech_260-123440,librispeech_snr10,non-streaming,long,0.0000,0.0000,0,0,0,53,0,0,0,272,0
librispeech_1188-133604,librispeech_snr10,streaming,long,0.0541,0.0045,1,1,0,37,0,1,0,224,0
librispeech_1188-133604,librispeech_snr10,non-streaming,long,0.0000,0.0000,0,0,0,37,0,0,0,224,0
librispeech_1089-134686,librispeech_snr10,streaming,long,0.0926,0.0196,4,1,0,54,2,4,0,306,0
librispeech_1089-134686,librispeech_snr10,non-streaming,long,0.0556,0.0065,2,1,0,54,0,2,0,306,0
librispeech_1320-122612,librispeech_snr10,streaming,long,0.0282,0.0026,1,1,0,71,0,1,0,385,0
librispeech_1320-122612,librispeech_snr10,non-streaming,long,0.0000,0.0000,0,0,0,71,0,0,0,385,0
librispeech_237-126133,librispeech_snr10,streaming,long,0.0267,0.0024,1,1,0,75,0,1,0,416,0
librispeech_237-126133,librispeech_snr10,non-streaming,long,0.0000,0.0000,0,0,0,75,0,0,0,416,0
librispeech_2961-960,librispeech_snr10,streaming,long,0.0588,0.0069,2,1,0,51,1,1,0,291,0
librispeech_2961-960,librispeech_snr10,non-streaming,long,0.0000,0.0000,0,0,0,51,0,0,0,291,0
librispeech_6829-68769,librispeech_snr10,streaming,very_long,0.0769,0.0380,4,1,2,91,0,10,8,474,0
librispeech_6829-68769,librispeech_snr10,non-streaming,very_long,0.0440,0.0274,3,0,1,91,0,9,4,474,0
librispeech_4446-2275,librispeech_snr10,streaming,very_long,0.0562,0.0081,3,2,0,89,1,3,0,494,0
librispeech_4446-2275,librispeech_snr10,non-streaming,very_long,0.0112,0.0040,1,0,0,89,1,1,0,494,0
librispeech_5683-32866,librispeech_snr10,streaming,very_long,0.0972,0.0126,4,3,0,72,2,3,0,396,0
librispeech_5683-32866,librispeech_snr10,non-streaming,very_long,0.0833,0.0101,4,2,0,72,2,2,0,396,0
librispeech_4507-16021,librispeech_snr10,streaming,very_long,0.1458,0.0514,5,1,1,48,2,6,5,253,0
librispeech_4507-16021,librispeech_snr10,non-streaming,very_long,0.0625,0.0198,3,0,0,48,3,2,0,253,0
librispeech_4446-2273,librispeech_snr10,streaming,very_long,0.0196,0.0019,1,1,0,102,0,1,0,539,0
librispeech_4446-2273,librispeech_snr10,non-streaming,very_long,0.0000,0.0000,0,0,0,102,0,0,0,539,0
librispeech_5105-28233,librispeech_snr10,streaming,very_long,0.0337,0.0040,2,1,0,89,1,1,0,497,0
librispeech_5105-28233,librispeech_snr10,non-streaming,very_long,0.0112,0.0040,1,0,0,89,2,0,0,497,0
librispeech_4077-13754,librispeech_snr10,streaming,very_long,0.0247,0.0020,1,1,0,81,0,1,0,509,0
librispeech_4077-13754,librispeech_snr10,non-streaming,very_long,0.0000,0.0000,0,0,0,81,0,0,0,509,0
librispeech_4992-41797,librispeech_snr10,streaming,very_long,0.1789,0.0632,16,1,0,95,13,6,11,475,0
librispeech_4992-41797,librispeech_snr10,non-streaming,very_long,0.2211,0.0611,18,3,0,95,12,8,9,475,0
librispeech_672-122797,librispeech_snr10,streaming,very_long,0.0482,0.0050,2,2,0,83,0,2,0,399,0
librispeech_672-122797,librispeech_snr10,non-streaming,very_long,0.0241,0.0025,1,1,0,83,0,1,0,399,0
librispeech_5683-32879,librispeech_snr10,streaming,very_long,0.0455,0.0128,3,1,0,88,3,2,1,468,0
librispeech_5683-32879,librispeech_snr10,non-streaming,very_long,0.0114,0.0043,1,0,0,88,1,0,1,468,0
librispeech_2961-961,librispeech_snr10,streaming,very_long,0.3333,0.1885,24,1,2,81,56,8,18,435,0
librispeech_2961-961,librispeech_snr10,non-streaming,very_long,0.0000,0.0000,0,0,0,81,0,0,0,435,0
librispeech_5639-40744,librispeech_snr10,streaming,very_long,0.0660,0.0132,5,2,0,106,2,4,2,604,0
librispeech_5639-40744,librispeech_snr10,non-streaming,very_long,0.0472,0.0149,4,1,0,106,4,3,2,604,0
librispeech_4992-23283,librispeech_snr10,streaming,very_long,0.0421,0.0117,3,1,0,95,1,5,0,514,0
librispeech_4992-23283,librispeech_snr10,non-streaming,very_long,0.0211,0.0097,2,0,0,95,1,4,0,514,0
librispeech_4992-41806,librispeech_snr10,streaming,very_long,0.1207,0.0363,10,3,1,116,3,18,2,633,0
librispeech_4992-41806,librispeech_snr10,non-streaming,very_long,0.0862,0.0332,8,2,0,116,3,17,1,633,0
librispeech_4077-13751,librispeech_snr10,streaming,very_long,0.0901,0.0612,6,4,0,111,10,30,0,654,0
librispeech_4077-13751,librispeech_snr10,non-streaming,very_long,0.0721,0.0596,5,3,0,111,10,29,0,654,0
librispeech_1284-1181,librispeech_snr15,streaming,long,0.0488,0.0127,1,1,0,41,0,3,0,237,0
librispeech_1284-1181,librispeech_snr15,non-streaming,long,0.0244,0.0084,1,0,0,41,0,2,0,237,0
librispeech_1995-1837,librispeech_snr15,streaming,long,0.0426,0.0044,1,1,0,47,0,1,0,227,0
librispeech_1995-1837,librispeech_snr15,non-streaming,long,0.0000,0.0000,0,0,0,47,0,0,0,227,0
librispeech_260-123288,librispeech_snr15,streaming,long,0.1389,0.0233,4,1,0,36,2,3,0,215,0
librispeech_260-123288,librispeech_snr15,non-streaming,long,0.0556,0.0140,2,0,0,36,1,2,0,215,0
librispeech_1284-134647,librispeech_snr15,streaming,long,0.0417,0.0034,1,1,0,48,0,1,0,291,0
librispeech_1284-134647,librispeech_snr15,non-streaming,long,0.0000,0.0000,0,0,0,48,0,0,0,291,0
librispeech_1089-134691,librispeech_snr15,streaming,long,0.0351,0.0035,1,1,0,57,0,1,0,282,0
librispeech_1089-134691,librispeech_snr15,non-streaming,long,0.0000,0.0000,0,0,0,57,0,0,0,282,0
librispeech_1995-1826,librispeech_snr15,streaming,long,0.0741,0.0286,3,1,0,54,3,6,0,315,0
librispeech_1995-1826,librispeech_snr15,non-streaming,long,0.0370,0.0254,2,0,0,54,3,5,0,315,0
librispeech_260-123440,librispeech_snr15,streaming,long,0.0377,0.0037,1,1,0,53,0,1,0,272,0
librispeech_260-123440,librispeech_snr15,non-streaming,long,0.0000,0.0000,0,0,0,53,0,0,0,272,0
librispeech_1188-133604,librispeech_snr15,streaming,long,0.0541,0.0045,1,1,0,37,0,1,0,224,0
librispeech_1188-133604,librispeech_snr15,non-streaming,long,0.0000,0.0000,0,0,0,37,0,0,0,224,0
librispeech_2300-131720,librispeech_snr15,streaming,long,0.1087,0.0634,3,2,0,46,6,11,0,268,0
librispeech_2300-131720,librispeech_snr15,non-streaming,long,0.0652,0.0597,2,1,0,46,6,10,0,268,0
librispeech_1089-134686,librispeech_snr15,streaming,long,0.0926,0.0098,3,2,0,54,0,3,0,306,0
librispeech_1089-134686,librispeech_snr15,non-streaming,long,0.0556,0.0065,2,1,0,54,0,2,0,306,0
librispeech_2094-142345,librispeech_snr15,streaming,long,0.0816,0.0071,2,2,0,49,0,2,0,280,0
librispeech_2094-142345,librispeech_snr15,non-streaming,long,0.0408,0.0036,1,1,0,49,0,1,0,280,0
librispeech_1221-135767,librispeech_snr15,streaming,long,0.0278,0.0025,1,1,0,72,0,1,0,396,0
librispeech_1221-135767,librispeech_snr15,non-streaming,long,0.0139,0.0025,1,0,0,72,0,1,0,396,0
librispeech_237-126133,librispeech_snr15,streaming,long,0.0267,0.0024,1,1,0,75,0,1,0,416,0
librispeech_237-126133,librispeech_snr15,non-streaming,long,0.0000,0.0000,0,0,0,75,0,0,0,416,0
librispeech_2961-960,librispeech_snr15,streaming,long,0.0588,0.0069,2,1,0,51,1,1,0,291,0
librispeech_2961-960,librispeech_snr15,non-streaming,long,0.0000,0.0000,0,0,0,51,0,0,0,291,0
librispeech_1221-135766,librispeech_snr15,streaming,long,0.0706,0.0218,3,2,1,85,0,3,7,458,0
librispeech_1221-135766,librispeech_snr15,non-streaming,long,0.0353,0.0044,2,1,0,85,0,2,0,458,0
librispeech_4446-2271,librispeech_snr15,streaming,very_long,0.0602,0.0106,3,1,1,83,1,2,2,473,0
librispeech_4446-2271,librispeech_snr15,non-streaming,very_long,0.0120,0.0042,1,0,0,83,0,0,2,473,0
librispeech_61-70968,librispeech_snr15,streaming,very_long,0.0230,0.0024,1,1,0,87,0,1,0,419,0
librispeech_61-70968,librispeech_snr15,non-streaming,very_long,0.0000,0.0000,0,0,0,87,0,0,0,419,0
librispeech_5683-32865,librispeech_snr15,streaming,very_long,0.0635,0.0082,3,1,0,63,2,1,0,365,0
librispeech_5683-32865,librispeech_snr15,non-streaming,very_long,0.0476,0.0082,3,0,0,63,2,0,1,365,0
librispeech_4446-2273,librispeech_snr15,streaming,very_long,0.0196,0.0019,1,1,0,102,0,1,0,539,0
librispeech_4446-2273,librispeech_snr15,non-streaming,very_long,0.0000,0.0000,0,0,0,102,0,0,0,539,0
librispeech_61-70970,librispeech_snr15,streaming,very_long,0.0729,0.0098,4,1,2,96,1,2,2,508,0
librispeech_61-70970,librispeech_snr15,non-streaming,very_long,0.0625,0.0256,5,0,1,96,8,3,2,508,0
librispeech_5105-28240,librispeech_snr15,streaming,very_long,0.0805,0.0196,5,1,1,87,5,3,1,460,0
librispeech_5105-28240,librispeech_snr15,non-streaming,very_long,0.0575,0.0130,4,0,1,87,3,2,1,460,0
librispeech_3570-5695,librispeech_snr15,streaming,very_long,0.0194,0.0017,1,1,0,103,0,1,0,600,0
librispeech_3570-5695,librispeech_snr15,non-streaming,very_long,0.0000,0.0000,0,0,0,103,0,0,0,600,0
librispeech_3575-170457,librispeech_snr15,streaming,very_long,0.0526,0.0105,3,2,0,95,1,3,1,474,0
librispeech_3575-170457,librispeech_snr15,non-streaming,very_long,0.0526,0.0127,3,2,0,95,1,4,1,474,0
librispeech_5142-36377,librispeech_snr15,streaming,very_long,0.0179,0.0017,1,1,0,112,0,1,0,587,0
librispeech_5142-36377,librispeech_snr15,non-streaming,very_long,0.0000,0.0000,0,0,0,112,0,0,0,587,0
librispeech_4970-29095,librispeech_snr15,streaming,very_long,0.0238,0.0023,1,1,0,84,0,1,0,430,0
librispeech_4970-29095,librispeech_snr15,non-streaming,very_long,0.0119,0.0047,1,0,0,84,0,0,2,430,0
librispeech_5683-32879,librispeech_snr15,streaming,very_long,0.0568,0.0256,4,1,0,88,5,6,1,468,0
librispeech_5683-32879,librispeech_snr15,non-streaming,very_long,0.0114,0.0043,1,0,0,88,1,0,1,468,0
librispeech_3570-5696,librispeech_snr15,streaming,very_long,0.0455,0.0090,3,2,0,110,2,3,1,663,0
librispeech_3570-5696,librispeech_snr15,non-streaming,very_long,0.0273,0.0075,2,1,0,110,2,2,1,663,0
librispeech_5639-40744,librispeech_snr15,streaming,very_long,0.0849,0.0199,6,3,0,106,2,9,1,604,0
librispeech_5639-40744,librispeech_snr15,non-streaming,very_long,0.0377,0.0066,3,1,0,106,0,3,1,604,0
librispeech_4992-23283,librispeech_snr15,streaming,very_long,0.0526,0.0136,4,1,0,95,1,6,0,514,0
librispeech_4992-23283,librispeech_snr15,non-streaming,very_long,0.0316,0.0117,3,0,0,95,1,5,0,514,0
librispeech_4992-41806,librispeech_snr15,streaming,very_long,0.1207,0.0363,10,3,1,116,3,18,2,633,0
librispeech_4992-41806,librispeech_snr15,non-streaming,very_long,0.0862,0.0332,8,2,0,116,3,17,1,633,0
librispeech_1995-1836,librispeech_snr20,streaming,long,0.0976,0.0478,3,1,0,41,0,5,6,230,0
librispeech_1995-1836,librispeech_snr20,non-streaming,long,0.0488,0.0435,2,0,0,41,0,4,6,230,0
librispeech_260-123288,librispeech_snr20,streaming,long,0.1111,0.0186,3,1,0,36,1,3,0,215,0
librispeech_260-123288,librispeech_snr20,non-streaming,long,0.0556,0.0140,2,0,0,36,1,2,0,215,0
librispeech_121-123859,librispeech_snr20,streaming,long,0.0811,0.0116,2,1,0,37,0,1,1,172,0
librispeech_121-123859,librispeech_snr20,non-streaming,long,0.0270,0.0058,1,0,0,37,0,0,1,172,0
librispeech_121-123852,librispeech_snr20,streaming,long,0.1379,0.0120,2,1,1,29,0,1,1,167,0
librispeech_121-123852,librispeech_snr20,non-streaming,long,0.0690,0.0060,1,0,1,29,0,0,1,167,0
librispeech_237-134500,librispeech_snr20,streaming,long,0.0465,0.0044,1,1,0,43,0,1,0,228,0
librispeech_237-134500,librispeech_snr20,non-streaming,long,0.0000,0.0000,0,0,0,43,0,0,0,228,0
librispeech_2830-3980,librispeech_snr20,streaming,long,0.0577,0.0154,2,1,0,52,0,4,0,260,0
librispeech_2830-3980,librispeech_snr20,non-streaming,long,0.0192,0.0115,1,0,0,52,0,3,0,260,0
librispeech_1995-1826,librispeech_snr20,streaming,long,0.0741,0.0286,3,1,0,54,3,6,0,315,0
librispeech_1995-1826,librispeech_snr20,non-streaming,long,0.0370,0.0254,2,0,0,54,3,5,0,315,0
librispeech_260-123440,librispeech_snr20,streaming,long,0.0377,0.0037,1,1,0,53,0,1,0,272,0
librispeech_260-123440,librispeech_snr20,non-streaming,long,0.0000,0.0000,0,0,0,53,0,0,0,272,0
librispeech_1188-133604,librispeech_snr20,streaming,long,0.0541,0.0045,1,1,0,37,0,1,0,224,0
librispeech_1188-133604,librispeech_snr20,non-streaming,long,0.0000,0.0000,0,0,0,37,0,0,0,224,0
librispeech_2300-131720,librispeech_snr20,streaming,long,0.0870,0.0560,2,2,0,46,4,11,0,268,0
librispeech_2300-131720,librispeech_snr20,non-streaming,long,0.0435,0.0522,1,1,0,46,4,10,0,268,0
librispeech_260-123286,librispeech_snr20,streaming,long,0.0652,0.0405,2,1,0,46,3,7,0,247,0
librispeech_260-123286,librispeech_snr20,non-streaming,long,0.0435,0.0445,2,0,0,46,3,8,0,247,0
librispeech_1320-122617,librispeech_snr20,streaming,long,0.0508,0.0058,2,1,0,59,1,1,0,344,0
librispeech_1320-122617,librispeech_snr20,non-streaming,long,0.0169,0.0029,1,0,0,59,1,0,0,344,0
librispeech_237-134493,librispeech_snr20,streaming,long,0.1132,0.0350,3,2,1,53,1,2,7,286,0
librispeech_237-134493,librispeech_snr20,non-streaming,long,0.0755,0.0070,2,2,0,53,0,2,0,286,0
librispeech_237-126133,librispeech_snr20,streaming,long,0.0267,0.0024,1,1,0,75,0,1,0,416,0
librispeech_237-126133,librispeech_snr20,non-streaming,long,0.0000,0.0000,0,0,0,75,0,0,0,416,0
librispeech_2961-960,librispeech_snr20,streaming,long,0.0588,0.0069,2,1,0,51,1,1,0,291,0
librispeech_2961-960,librispeech_snr20,non-streaming,long,0.0000,0.0000,0,0,0,51,0,0,0,291,0
librispeech_6829-68769,librispeech_snr20,streaming,very_long,0.0659,0.0295,4,1,1,91,0,10,4,474,0
librispeech_6829-68769,librispeech_snr20,non-streaming,very_long,0.0440,0.0274,3,0,1,91,0,9,4,474,0
librispeech_5683-32866,librispeech_snr20,streaming,very_long,0.0972,0.0126,4,3,0,72,2,3,0,396,0
librispeech_5683-32866,librispeech_snr20,non-streaming,very_long,0.0833,0.0101,4,2,0,72,2,2,0,396,0
librispeech_61-70968,librispeech_snr20,streaming,very_long,0.0575,0.0072,2,3,0,87,0,3,0,419,0
librispeech_61-70968,librispeech_snr20,non-streaming,very_long,0.0000,0.0000,0,0,0,87,0,0,0,419,0
librispeech_4446-2273,librispeech_snr20,streaming,very_long,0.0196,0.0019,1,1,0,102,0,1,0,539,0
librispeech_4446-2273,librispeech_snr20,non-streaming,very_long,0.0000,0.0000,0,0,0,102,0,0,0,539,0
librispeech_61-70970,librispeech_snr20,streaming,very_long,0.0938,0.0197,4,2,3,96,3,4,3,508,0
librispeech_61-70970,librispeech_snr20,non-streaming,very_long,0.0521,0.0197,4,0,1,96,5,3,2,508,0
librispeech_5105-28240,librispeech_snr20,streaming,very_long,0.0575,0.0152,4,1,0,87,4,3,0,460,0
librispeech_5105-28240,librispeech_snr20,non-streaming,very_long,0.0575,0.0130,4,0,1,87,3,2,1,460,0
librispeech_3729-6852,librispeech_snr20,streaming,very_long,0.0345,0.0065,2,1,0,87,1,1,1,464,0
librispeech_3729-6852,librispeech_snr20,non-streaming,very_long,0.0230,0.0043,2,0,0,87,1,0,1,464,0
librispeech_3575-170457,librispeech_snr20,streaming,very_long,0.0526,0.0105,3,2,0,95,1,3,1,474,0
librispeech_3575-170457,librispeech_snr20,non-streaming,very_long,0.0316,0.0084,2,1,0,95,1,2,1,474,0
librispeech_5142-33396,librispeech_snr20,streaming,very_long,0.0918,0.0631,5,3,1,98,6,17,8,491,0
librispeech_5142-33396,librispeech_snr20,non-streaming,very_long,0.0102,0.0020,1,0,0,98,1,0,0,491,0
librispeech_672-122797,librispeech_snr20,streaming,very_long,0.0241,0.0025,1,1,0,83,0,1,0,399,0
librispeech_672-122797,librispeech_snr20,non-streaming,very_long,0.0482,0.0050,2,2,0,83,0,2,0,399,0
librispeech_5142-36377,librispeech_snr20,streaming,very_long,0.0357,0.0034,2,2,0,112,0,2,0,587,0
librispeech_5142-36377,librispeech_snr20,non-streaming,very_long,0.0000,0.0000,0,0,0,112,0,0,0,587,0
librispeech_5683-32879,librispeech_snr20,streaming,very_long,0.0455,0.0128,3,1,0,88,3,2,1,468,0
librispeech_5683-32879,librispeech_snr20,non-streaming,very_long,0.0114,0.0043,1,0,0,88,1,0,1,468,0
librispeech_2961-961,librispeech_snr20,streaming,very_long,0.0247,0.0023,1,1,0,81,0,1,0,435,0
librispeech_2961-961,librispeech_snr20,non-streaming,very_long,0.0123,0.0046,1,0,0,81,1,1,0,435,0
librispeech_3570-5696,librispeech_snr20,streaming,very_long,0.0455,0.0090,3,2,0,110,2,3,1,663,0
librispeech_3570-5696,librispeech_snr20,non-streaming,very_long,0.0273,0.0075,2,1,0,110,2,2,1,663,0
librispeech_5105-28241,librispeech_snr20,streaming,very_long,0.0364,0.0031,2,2,0,110,0,2,0,650,0
librispeech_5105-28241,librispeech_snr20,non-streaming,very_long,0.0273,0.0031,2,1,0,110,1,1,0,650,0
librispeech_1580-141084,librispeech_speed09,streaming,long,0.0698,0.0137,2,1,0,43,1,2,0,219,0
librispeech_1580-141084,librispeech_speed09,non-streaming,long,0.0233,0.0091,1,0,0,43,1,1,0,219,0
librispeech_1284-1181,librispeech_speed09,streaming,long,0.0488,0.0169,1,1,0,41,1,3,0,237,0
librispeech_1284-1181,librispeech_speed09,non-streaming,long,0.0244,0.0127,1,0,0,41,1,2,0,237,0
librispeech_1995-1836,librispeech_speed09,streaming,long,0.0976,0.0478,3,1,0,41,0,5,6,230,0
librispeech_1995-1836,librispeech_speed09,non-streaming,long,0.0488,0.0435,2,0,0,41,0,4,6,230,0
librispeech_237-134500,librispeech_speed09,streaming,long,0.0698,0.0088,2,1,0,43,0,2,0,228,0
librispeech_237-134500,librispeech_speed09,non-streaming,long,0.0233,0.0044,1,0,0,43,0,1,0,228,0
librispeech_2830-3980,librispeech_speed09,streaming,long,0.0577,0.0154,2,1,0,52,0,4,0,260,0
librispeech_2830-3980,librispeech_speed09,non-streaming,long,0.0192,0.0115,1,0,0,52,0,3,0,260,0
librispeech_1284-134647,librispeech_speed09,streaming,long,0.0417,0.0034,1,1,0,48,0,1,0,291,0
librispeech_1284-134647,librispeech_speed09,non-streaming,long,0.0000,0.0000,0,0,0,48,0,0,0,291,0
librispeech_1995-1826,librispeech_speed09,streaming,long,0.0556,0.0063,2,1,0,54,1,1,0,315,0
librispeech_1995-1826,librispeech_speed09,non-streaming,long,0.0926,0.0571,1,0,4,54,1,0,17,315,0
librispeech_260-123440,librispeech_speed09,streaming,long,0.0377,0.0037,1,1,0,53,0,1,0,272,0
librispeech_260-123440,librispeech_speed09,non-streaming,long,0.0566,0.0478,0,0,3,53,0,0,13,272,0
librispeech_1089-134686,librispeech_speed09,streaming,long,0.0370,0.0033,1,1,0,54,0,1,0,306,0
librispeech_1089-134686,librispeech_speed09,non-streaming,long,0.0000,0.0000,0,0,0,54,0,0,0,306,0
librispeech_1320-122617,librispeech_speed09,streaming,long,0.0508,0.0058,2,1,0,59,1,1,0,344,0
librispeech_1320-122617,librispeech_speed09,non-streaming,long,0.0169,0.0116,0,0,1,59,0,0,4,344,0
librispeech_2094-142345,librispeech_speed09,streaming,long,0.1020,0.0179,3,2,0,49,2,3,0,280,0
librispeech_2094-142345,librispeech_speed09,non-streaming,long,0.0408,0.0036,1,1,0,49,0,1,0,280,0
librispeech_1320-122612,librispeech_speed09,streaming,long,0.0282,0.0026,1,1,0,71,0,1,0,385,0
librispeech_1320-122612,librispeech_speed09,non-streaming,long,0.0141,0.0078,0,0,1,71,0,0,3,385,0
librispeech_237-134493,librispeech_speed09,streaming,long,0.0755,0.0070,2,2,0,53,0,2,0,286,0
librispeech_237-134493,librispeech_speed09,non-streaming,long,0.0566,0.0070,2,1,0,53,1,1,0,286,0
librispeech_1221-135767,librispeech_speed09,streaming,long,0.0694,0.0152,4,1,0,72,2,4,0,396,0
librispeech_1221-135767,librispeech_speed09,non-streaming,long,0.0417,0.0126,3,0,0,72,2,3,0,396,0
librispeech_237-126133,librispeech_speed09,streaming,long,0.0400,0.0264,1,1,1,75,0,1,10,416,0
librispeech_237-126133,librispeech_speed09,non-streaming,long,0.0267,0.0288,0,0,2,75,0,0,12,416,0
librispeech_6829-68769,librispeech_speed09,streaming,very_long,0.0659,0.0295,4,1,1,91,0,10,4,474,0
librispeech_6829-68769,librispeech_speed09,non-streaming,very_long,0.0549,0.0338,4,0,1,91,3,9,4,474,0
librispeech_4446-2275,librispeech_speed09,streaming,very_long,0.0449,0.0101,3,1,0,89,3,2,0,494,0
librispeech_4446-2275,librispeech_speed09,non-streaming,very_long,0.0225,0.0081,2,0,0,89,3,1,0,494,0
librispeech_4446-2271,librispeech_speed09,streaming,very_long,0.0843,0.0233,3,3,1,83,3,7,1,473,0
librispeech_4446-2271,librispeech_speed09,non-streaming,very_long,0.0843,0.0254,3,2,2,83,4,6,2,473,0
librispeech_4507-16021,librispeech_speed09,streaming,very_long,0.2292,0.0909,9,1,1,48,14,7,2,253,0
librispeech_4507-16021,librispeech_speed09,non-streaming,very_long,0.1042,0.0830,2,3,0,48,2,19,0,253,0
librispeech_5683-32865,librispeech_speed09,streaming,very_long,0.1111,0.0164,5,2,0,63,2,3,1,365,0
librispeech_5683-32865,librispeech_speed09,non-streaming,very_long,0.0317,0.0055,2,0,0,63,2,0,0,365,0
librispeech_4446-2273,librispeech_speed09,streaming,very_long,0.0294,0.0056,2,1,0,102,2,1,0,539,0
librispeech_4446-2273,librispeech_speed09,non-streaming,very_long,0.0000,0.0000,0,0,0,102,0,0,0,539,0
librispeech_61-70970,librispeech_speed09,streaming,very_long,0.1146,0.0374,7,3,1,96,9,8,2,508,0
librispeech_61-70970,librispeech_speed09,non-streaming,very_long,0.0729,0.0335,5,0,2,96,11,3,3,508,0
librispeech_3570-5695,librispeech_speed09,streaming,very_long,0.0388,0.0067,3,1,0,103,1,2,1,600,0
librispeech_3570-5695,librispeech_speed09,non-streaming,very_long,0.0194,0.0050,2,0,0,103,1,1,1,600,0
librispeech_4992-41797,librispeech_speed09,streaming,very_long,0.2105,0.0821,16,4,0,95,8,19,12,475,0
librispeech_4992-41797,librispeech_speed09,non-streaming,very_long,0.1684,0.0589,16,0,0,95,10,5,13,475,0
librispeech_672-122797,librispeech_speed09,streaming,very_long,0.0843,0.0226,4,3,0,83,2,6,1,399,0
librispeech_672-122797,librispeech_speed09,non-streaming,very_long,0.0482,0.0050,2,2,0,83,0,2,0,399,0
librispeech_4970-29095,librispeech_speed09,streaming,very_long,0.0595,0.0163,4,1,0,84,2,3,2,430,0
librispeech_4970-29095,librispeech_speed09,non-streaming,very_long,0.0238,0.0093,2,0,0,84,2,0,2,430,0
librispeech_2961-961,librispeech_speed09,streaming,very_long,0.0741,0.0322,4,2,0,81,5,9,0,435,0
librispeech_2961-961,librispeech_speed09,non-streaming,very_long,0.0247,0.0138,2,0,0,81,4,0,2,435,0
librispeech_3570-5696,librispeech_speed09,streaming,very_long,0.0636,0.0241,3,2,2,110,2,3,11,663,0
librispeech_3570-5696,librispeech_speed09,non-streaming,very_long,0.0727,0.0287,7,0,1,110,8,3,8,663,0
librispeech_4970-29093,librispeech_speed09,streaming,very_long,0.0541,0.0203,6,0,0,111,2,6,4,592,0
librispeech_4970-29093,librispeech_speed09,non-streaming,very_long,0.0360,0.0270,4,0,0,111,10,5,1,592,0
librispeech_4077-13751,librispeech_speed09,streaming,very_long,0.1081,0.0489,7,4,1,111,12,15,5,654,0
librispeech_4077-13751,librispeech_speed09,non-streaming,very_long,0.1261,0.0948,10,4,0,111,20,39,3,654,0
librispeech_1580-141084,librispeech_speed11,streaming,medium,0.0698,0.0137,2,1,0,43,1,2,0,219,0
librispeech_1580-141084,librispeech_speed11,non-streaming,medium,0.0233,0.0091,1,0,0,43,1,1,0,219,0
librispeech_1995-1836,librispeech_speed11,streaming,medium,0.0976,0.0478,3,1,0,41,0,5,6,230,0
librispeech_1995-1836,librispeech_speed11,non-streaming,medium,0.0488,0.0435,2,0,0,41,0,4,6,230,0
librispeech_121-127105,librispeech_speed11,streaming,medium,0.0476,0.0041,1,1,0,42,0,1,0,244,0
librispeech_121-127105,librispeech_speed11,non-streaming,medium,0.0000,0.0000,0,0,0,42,0,0,0,244,0
librispeech_1284-1180,librispeech_speed11,streaming,medium,0.0400,0.0040,1,1,0,50,0,1,0,249,0
librispeech_1284-1180,librispeech_speed11,non-streaming,medium,0.0000,0.0000,0,0,0,50,0,0,0,249,0
librispeech_1995-1837,librispeech_speed11,streaming,medium,0.0638,0.0088,2,1,0,47,1,1,0,227,0
librispeech_1995-1837,librispeech_speed11,non-streaming,medium,0.0000,0.0000,0,0,0,47,0,0,0,227,0
librispeech_121-123859,librispeech_speed11,streaming,long,0.1081,0.0407,3,1,0,37,4,2,1,172,0
librispeech_121-123859,librispeech_speed11,non-streaming,long,0.0270,0.0174,1,0,0,37,1,1,1,172,0
librispeech_237-134500,librispeech_speed11,streaming,long,0.0465,0.0044,1,1,0,43,0,1,0,228,0
librispeech_237-134500,librispeech_speed11,non-streaming,long,0.0000,0.0000,0,0,0,43,0,0,0,228,0
librispeech_1284-134647,librispeech_speed11,streaming,long,0.0417,0.0034,1,1,0,48,0,1,0,291,0
librispeech_1284-134647,librispeech_speed11,non-streaming,long,0.0000,0.0000,0,0,0,48,0,0,0,291,0
librispeech_1995-1826,librispeech_speed11,streaming,long,0.0926,0.0222,3,1,1,54,6,1,0,315,0
librispeech_1995-1826,librispeech_speed11,non-streaming,long,0.0556,0.0190,2,0,1,54,6,0,0,315,0
librispeech_2300-131720,librispeech_speed11,streaming,long,0.0652,0.0224,2,1,0,46,3,3,0,268,0
librispeech_2300-131720,librispeech_speed11,non-streaming,long,0.0435,0.0187,2,0,0,46,3,2,0,268,0
librispeech_1320-122617,librispeech_speed11,streaming,long,0.0508,0.0087,1,2,0,59,0,3,0,344,0
librispeech_1320-122617,librispeech_speed11,non-streaming,long,0.0169,0.0058,0,1,0,59,0,2,0,344,0
librispeech_2094-142345,librispeech_speed11,streaming,long,0.0816,0.0107,2,2,0,49,1,2,0,280,0
librispeech_2094-142345,librispeech_speed11,non-streaming,long,0.0408,0.0036,1,1,0,49,0,1,0,280,0
librispeech_2830-3979,librispeech_speed11,streaming,long,0.0735,0.0137,3,2,0,68,2,2,1,364,0
librispeech_2830-3979,librispeech_speed11,non-streaming,long,0.0147,0.0082,1,0,0,68,2,0,1,364,0
librispeech_237-134493,librispeech_speed11,streaming,long,0.0943,0.0175,3,2,0,53,2,2,1,286,0
librispeech_237-134493,librispeech_speed11,non-streaming,long,0.0566,0.0070,2,1,0,53,1,1,0,286,0
librispeech_2961-960,librispeech_speed11,streaming,long,0.0784,0.0137,3,1,0,51,3,1,0,291,0
librispeech_2961-960,librispeech_speed11,non-streaming,long,0.0588,0.0447,0,0,3,51,0,0,13,291,0
librispeech_4446-2275,librispeech_speed11,streaming,long,0.0562,0.0142,4,1,0,89,5,2,0,494,0
librispeech_4446-2275,librispeech_speed11,non-streaming,long,0.0225,0.0081,2,0,0,89,3,1,0,494,0
librispeech_4446-2271,librispeech_speed11,streaming,long,0.0723,0.0169,4,1,1,83,5,1,2,473,0
librispeech_4446-2271,librispeech_speed11,non-streaming,long,0.0241,0.0127,0,1,1,83,0,3,3,473,0
librispeech_61-70970,librispeech_speed11,streaming,long,0.1250,0.0413,8,3,1,96,9,6,6,508,0
librispeech_61-70970,librispeech_speed11,non-streaming,long,0.1146,0.0492,6,2,3,96,7,5,13,508,0
librispeech_5105-28240,librispeech_speed11,streaming,very_long,0.0575,0.0217,4,1,0,87,7,3,0,460,0
librispeech_5105-28240,librispeech_speed11,non-streaming,very_long,0.0345,0.0152,3,0,0,87,5,2,0,460,0
librispeech_3570-5695,librispeech_speed11,streaming,very_long,0.0388,0.0083,2,2,0,103,0,5,0,600,0
librispeech_3570-5695,librispeech_speed11,non-streaming,very_long,0.0097,0.0017,1,0,0,103,0,1,0,600,0
librispeech_3729-6852,librispeech_speed11,streaming,very_long,0.0460,0.0172,2,2,0,87,2,6,0,464,0
librispeech_3729-6852,librispeech_speed11,non-streaming,very_long,0.0230,0.0043,2,0,0,87,1,0,1,464,0
librispeech_4077-13754,librispeech_speed11,streaming,very_long,0.0247,0.0020,1,1,0,81,0,1,0,509,0
librispeech_4077-13754,librispeech_speed11,non-streaming,very_long,0.0000,0.0000,0,0,0,81,0,0,0,509,0
librispeech_5142-33396,librispeech_speed11,streaming,very_long,0.1327,0.0652,7,2,4,98,10,7,15,491,0
librispeech_5142-33396,librispeech_speed11,non-streaming,very_long,0.0612,0.0244,4,1,1,98,4,5,3,491,0
librispeech_672-122797,librispeech_speed11,streaming,very_long,0.0843,0.0201,4,3,0,83,2,5,1,399,0
librispeech_672-122797,librispeech_speed11,non-streaming,very_long,0.0361,0.0100,1,2,0,83,0,4,0,399,0
librispeech_4970-29095,librispeech_speed11,streaming,very_long,0.0476,0.0140,3,1,0,84,5,1,0,430,0
librispeech_4970-29095,librispeech_speed11,non-streaming,very_long,0.0238,0.0116,2,0,0,84,5,0,0,430,0
librispeech_5683-32879,librispeech_speed11,streaming,very_long,0.0455,0.0128,3,1,0,88,3,1,2,468,0
librispeech_5683-32879,librispeech_speed11,non-streaming,very_long,0.0341,0.0214,2,0,1,88,7,0,3,468,0
librispeech_5639-40744,librispeech_speed11,streaming,very_long,0.0755,0.0215,6,2,0,106,4,8,1,604,0
librispeech_5639-40744,librispeech_speed11,non-streaming,very_long,0.0943,0.0215,7,2,1,106,4,4,5,604,0
librispeech_4992-23283,librispeech_speed11,streaming,very_long,0.1368,0.0623,9,2,2,95,17,6,9,514,0
librispeech_4992-23283,librispeech_speed11,non-streaming,very_long,0.0737,0.0370,6,0,1,95,12,5,2,514,0
librispeech_4992-41806,librispeech_speed11,streaming,very_long,0.1379,0.0442,12,4,0,116,8,19,1,633,0
librispeech_4992-41806,librispeech_speed11,non-streaming,very_long,0.1034,0.0395,10,2,0,116,7,17,1,633,0
librispeech_4970-29093,librispeech_speed11,streaming,very_long,0.0901,0.0507,8,2,0,111,15,12,3,592,0
librispeech_4970-29093,librispeech_speed11,non-streaming,very_long,0.0991,0.0591,9,2,0,111,19,13,3,592,0
