sample_id,mode,ttft_r1,ttft_r2,ttft_r3,ttft_mean,ttft_std_ddof1,cv_pct
crosswoz_10040_turn4,non-streaming,5685.651,6190.053,5697.491,5857.732,287.859,4.9142
crosswoz_10040_turn4,streaming,1817.021,2305.179,1798.125,1973.442,287.449,14.5659
crosswoz_10331_turn4,non-streaming,5924.681,6586.172,5720.154,6077.002,452.657,7.4487
crosswoz_10331_turn4,streaming,1526.415,1594.792,1417.238,1512.815,89.555,5.9198
crosswoz_10382_turn4,non-streaming,4132.354,4745.700,4288.073,4388.709,318.817,7.2645
crosswoz_10382_turn4,streaming,1159.737,1136.017,1012.673,1102.809,78.956,7.1595
crosswoz_10574_turn4,non-streaming,3721.321,4524.419,3730.363,3992.034,461.081,11.5500
crosswoz_10574_turn4,streaming,1712.641,1702.626,1630.890,1682.053,44.590,2.6509
crosswoz_11406_turn5,non-streaming,6012.383,6713.000,6667.428,6464.270,392.009,6.0642
crosswoz_11406_turn5,streaming,1244.999,1329.698,1227.758,1267.485,54.563,4.3048
crosswoz_11592_turn2,non-streaming,3382.484,3915.657,3409.896,3569.346,300.227,8.4113
crosswoz_11592_turn2,streaming,1379.044,1451.359,1477.313,1435.905,50.924,3.5465
crosswoz_11592_turn3,non-streaming,3713.670,3935.346,3806.761,3818.592,111.311,2.9150
crosswoz_11592_turn3,streaming,1174.062,1278.295,1198.996,1217.118,54.428,4.4719
crosswoz_11613_turn5,non-streaming,4209.889,4284.929,4191.701,4228.840,49.419,1.1686
crosswoz_11613_turn5,streaming,1446.030,1451.422,1544.397,1480.616,55.302,3.7350
crosswoz_11730_turn3,non-streaming,4068.548,4300.089,4330.899,4233.179,143.404,3.3876
crosswoz_11730_turn3,streaming,1603.290,1799.760,1563.636,1655.562,126.443,7.6375
crosswoz_12011_turn4,non-streaming,4863.518,4931.467,4936.597,4910.527,40.792,0.8307
crosswoz_12011_turn4,streaming,1150.111,1226.666,1180.922,1185.900,38.520,3.2481
crosswoz_12299_turn4,non-streaming,5739.974,5127.109,4895.123,5254.069,436.500,8.3078
crosswoz_12299_turn4,streaming,1368.335,1494.009,1525.937,1462.760,83.319,5.6960
crosswoz_12315_turn3,non-streaming,3354.439,3712.623,3425.351,3497.471,189.670,5.4231
crosswoz_12315_turn3,streaming,1757.368,1801.448,1769.513,1776.110,22.768,1.2819
crosswoz_7196_turn3,non-streaming,3791.105,4072.088,3564.297,3809.163,254.376,6.6780
crosswoz_7196_turn3,streaming,1428.727,1483.069,1365.768,1425.855,58.703,4.1171
crosswoz_7652_turn3,non-streaming,4711.048,4660.217,5079.520,4816.929,228.827,4.7505
crosswoz_7652_turn3,streaming,1529.736,1498.926,1537.566,1522.076,20.428,1.3421
crosswoz_7701_turn3,non-streaming,3136.519,3228.024,3350.653,3238.399,107.444,3.3178
crosswoz_7701_turn3,streaming,1299.181,1403.403,1840.256,1514.280,287.073,18.9577
crosswoz_7701_turn4,non-streaming,5789.363,5368.824,5430.043,5529.410,227.197,4.1089
crosswoz_7701_turn4,streaming,1507.366,1217.728,1344.697,1356.597,145.185,10.7022
crosswoz_8202_turn4,non-streaming,4738.515,4659.914,5119.407,4839.279,245.761,5.0785
crosswoz_8202_turn4,streaming,1156.698,1135.942,1203.360,1165.333,34.528,2.9629
crosswoz_8672_turn3,non-streaming,3450.894,3535.228,3938.492,3641.538,260.604,7.1564
crosswoz_8672_turn3,streaming,1348.834,1312.481,1363.690,1341.668,26.346,1.9637
crosswoz_8717_turn3,non-streaming,4447.716,4266.485,4515.997,4410.066,128.947,2.9239
crosswoz_8717_turn3,streaming,1562.258,1950.837,1634.836,1715.977,206.606,12.0402
crosswoz_8907_turn3,non-streaming,3716.382,4436.939,3516.677,3889.999,484.074,12.4441
crosswoz_8907_turn3,streaming,1499.542,1475.322,1465.055,1479.973,17.708,1.1965
crosswoz_8907_turn4,non-streaming,4101.300,4243.627,4084.742,4143.223,87.346,2.1082
crosswoz_8907_turn4,streaming,1536.643,1495.984,1459.518,1497.382,38.582,2.5766
crosswoz_9394_turn4,non-streaming,4644.702,4571.401,5352.009,4856.037,431.085,8.8773
crosswoz_9394_turn4,streaming,1172.145,1183.093,1134.701,1163.313,25.376,2.1814
crosswoz_9577_turn3,non-streaming,4633.404,3923.623,3834.531,4130.519,437.783,10.5988
crosswoz_9577_turn3,streaming,1481.781,1340.034,1436.480,1419.432,72.395,5.1003
crosswoz_9577_turn4,non-streaming,6109.807,6183.208,6208.185,6167.067,51.136,0.8292
crosswoz_9577_turn4,streaming,1291.054,1373.353,1405.239,1356.549,58.918,4.3432
crosswoz_98_turn3,non-streaming,5018.328,5295.672,5430.410,5248.137,210.113,4.0036
crosswoz_98_turn3,streaming,1318.587,1513.729,1274.422,1368.913,127.344,9.3025
multiwoz_MUL0023_turn4,non-streaming,3274.617,3474.188,3401.054,3383.286,100.965,2.9842
multiwoz_MUL0023_turn4,streaming,1125.790,1113.904,1163.015,1134.236,25.622,2.2590
multiwoz_MUL0183_turn4,non-streaming,3470.987,3690.928,3379.492,3513.802,160.071,4.5555
multiwoz_MUL0183_turn4,streaming,1252.830,1293.890,1212.498,1253.073,40.696,3.2477
multiwoz_MUL0183_turn5,non-streaming,4721.463,4639.362,4812.858,4724.561,86.789,1.8370
multiwoz_MUL0183_turn5,streaming,1281.909,1296.874,1365.067,1314.617,44.327,3.3719
multiwoz_MUL0666_turn4,non-streaming,3864.799,4599.359,3922.262,4128.807,408.522,9.8944
multiwoz_MUL0666_turn4,streaming,1506.474,1584.944,1465.988,1519.135,60.481,3.9813
multiwoz_MUL1031_turn3,non-streaming,2871.284,2976.815,2982.304,2943.468,62.573,2.1258
multiwoz_MUL1031_turn3,streaming,1663.307,1603.873,1789.106,1685.429,94.577,5.6115
multiwoz_MUL1215_turn5,non-streaming,3744.762,3842.978,3780.198,3789.313,49.738,1.3126
multiwoz_MUL1215_turn5,streaming,1538.971,1554.439,1479.923,1524.444,39.325,2.5796
multiwoz_MUL1330_turn4,non-streaming,3563.657,3866.329,3522.066,3650.684,187.908,5.1472
multiwoz_MUL1330_turn4,streaming,1318.971,1621.417,1304.378,1414.922,178.979,12.6494
multiwoz_MUL1459_turn5,non-streaming,3780.648,3818.556,3856.477,3818.560,37.914,0.9929
multiwoz_MUL1459_turn5,streaming,1197.517,1264.569,1256.161,1239.416,36.528,2.9472
multiwoz_MUL2016_turn3,non-streaming,3002.481,3202.704,3270.584,3158.590,139.389,4.4130
multiwoz_MUL2016_turn3,streaming,1675.057,1670.881,1693.206,1679.715,11.869,0.7066
multiwoz_MUL2018_turn5,non-streaming,3934.774,4939.411,3882.489,4252.225,595.695,14.0090
multiwoz_MUL2018_turn5,streaming,1225.603,1213.220,1230.087,1222.970,8.736,0.7143
multiwoz_PMUL0085_turn5,non-streaming,4995.972,4695.063,4590.224,4760.420,210.622,4.4244
multiwoz_PMUL0085_turn5,streaming,1331.372,1270.371,1270.555,1290.766,35.166,2.7244
multiwoz_PMUL0271_turn3,non-streaming,2624.661,3009.820,3085.154,2906.545,247.008,8.4983
multiwoz_PMUL0271_turn3,streaming,1367.978,1459.103,1646.573,1491.218,142.047,9.5256
multiwoz_PMUL1745_turn5,non-streaming,3750.440,3751.935,3691.883,3731.419,34.248,0.9178
multiwoz_PMUL1745_turn5,streaming,1339.858,1255.408,1233.118,1276.128,56.306,4.4122
multiwoz_PMUL1745_turn6,non-streaming,4749.762,4715.595,4876.961,4780.773,85.035,1.7787
multiwoz_PMUL1745_turn6,streaming,1383.047,1403.739,1433.180,1406.655,25.193,1.7910
multiwoz_PMUL2130_turn4,non-streaming,3306.959,3490.037,3401.091,3399.362,91.551,2.6932
multiwoz_PMUL2130_turn4,streaming,1071.977,1135.317,1092.755,1100.017,32.288,2.9353
multiwoz_PMUL2296_turn4,non-streaming,3540.496,3497.262,3495.255,3511.004,25.560,0.7280
multiwoz_PMUL2296_turn4,streaming,2310.657,2259.702,2450.579,2340.313,98.834,4.2231
multiwoz_PMUL2590_turn4,non-streaming,2726.737,2736.752,3132.637,2865.375,231.510,8.0796
multiwoz_PMUL2590_turn4,streaming,2207.668,2388.517,2661.623,2419.269,228.534,9.4464
multiwoz_PMUL2590_turn5,non-streaming,3192.382,3274.733,3330.942,3266.019,69.690,2.1338
multiwoz_PMUL2590_turn5,streaming,1258.967,1213.985,1393.003,1288.652,93.128,7.2268
multiwoz_PMUL2936_turn4,non-streaming,2613.233,2916.814,2591.468,2707.171,181.881,6.7185
multiwoz_PMUL2936_turn4,streaming,1699.360,1596.896,1506.453,1600.903,96.516,6.0288
multiwoz_PMUL3103_turn5,non-streaming,3652.541,3589.561,4205.496,3815.866,338.896,8.8812
multiwoz_PMUL3103_turn5,streaming,1110.279,1159.302,1197.508,1155.696,43.726,3.7836
multiwoz_PMUL3103_turn6,non-streaming,3891.714,3927.800,3930.557,3916.691,21.674,0.5534
multiwoz_PMUL3103_turn6,streaming,1890.592,1918.368,1678.635,1829.198,131.129,7.1687
multiwoz_PMUL4031_turn4,non-streaming,2971.092,3404.822,2899.366,3091.760,273.481,8.8455
multiwoz_PMUL4031_turn4,streaming,1596.320,1907.834,1576.008,1693.387,185.994,10.9835
multiwoz_PMUL4031_turn5,non-streaming,5016.702,5122.769,4548.932,4896.134,305.327,6.2361
multiwoz_PMUL4031_turn5,streaming,1176.344,1310.985,1166.311,1217.880,80.787,6.6334
multiwoz_PMUL4612_turn4,non-streaming,3306.889,3945.966,3343.159,3532.005,358.959,10.1630
multiwoz_PMUL4612_turn4,streaming,1245.770,1269.104,1239.341,1251.405,15.661,1.2515
multiwoz_PMUL4612_turn5,non-streaming,3495.513,3669.530,3466.229,3543.757,109.902,3.1013
multiwoz_PMUL4612_turn5,streaming,1454.100,1384.565,1427.656,1422.107,35.098,2.4680
